_id,name,profile_image_url
627198146737627136,__caylanicole
627198160453148672,Sparkiiieee_
627198160943849472,oli_bou
627198161006759936,things_orange
627198164618096644,NikkiHillsDesig
627198164127326208,oracuk
627198172125863937,rougebaisers
627198181542072321,LeahGilespd
627198186042605568,TalentMerchants
627198187757944832,AGJB21
627198189704204288,_jaybabee_
627198196779880448,yomabry
6.27198E+17,sokolander10
627198199535566848,JanaiLCain
627198204539469824,fionamduncan9
627198209828388864,TalentMerchants
627198215624921088,reaggrr
627198219131486208,paranoideo
627198222281277440,Bruce_BatWayne
627198224466604032,ForumeirosRSS
627198228665008128,WeAreOUAT
627198235124346880,vupubokebyfu
627198242451779585,sarahjessica1
627198245119377408,AcaiciaMarie
627198250806702080,WebTsubuyaki
627198251876397056,oegn85
627198256720822273,Ambitious_kmb
627198261699444736,yamafaktory
627198264929034240,vinigipijim
627198268586487809,MelodiMarley
627198273376374784,faverizifiv
627198279986475008,miranddaaaa99
627198284700844033,Celestinaag_
627198299225858049,LabVIEWopenJS
627198304753946625,bealright224
627198307698216960,HoodStarsNet
627198310298710016,Infamousvixenn
627198310659551234,tek_news
627198319601786881,gerardblokdijk
627198323364003840,itsmeAlex28
627198330460852224,GailAThornton
627198332927127552,NeuvooITLondon
627198342079098880,tcmedeiros
627198364531212289,AngelaPeacock4
627198364849938432,wa2zsale
627198365919506432,____blondayyyy
627198378905083904,Syraky
627198390422536192,Lil_Wahlberg
627198398446366721,ackermosh
627198408470736896,TheImprovSpace
627198414707630080,pihocypilux
627198424065142784,educatedlady20
627198430784454657,nnanaaR
6.27198E+17,crystalccervan1
627198432852185088,fobizocalawu
627198433774960640,napytunuxore
627198435502985216,spikeheap
627198436480274432,UpStream_GS
627198454742282240,rilegumoced
627198462241697792,toxicmccvnn
627198464796061696,richardsikens
627198477664186372,cool_python
627198478826012673,JohnnyKakes00
627198481699074049,JohnnyKakes00
627198483951407105,dig_newsdict
627198485595586560,ameanmbot
627198492729970688,megalicious29
627198495808716800,TechWars_io
627198496383311874,samic96
627198499818307584,livecodingtv
627198505241554945,jdbsmgarig
627198515077357568,garekitrash
627198517992366080,mixedbitchjdw_
627198527144349697,FemmePhoenixVO
627198532823437312,kuba_suder
627198534811521024,Remake_Remodel1
627198552993857537,xocaamryn
627198555225243648,andrea_beugre
627198560086437888,myrkiogaming
627198561864785920,GovindyMelvyn
6.27199E+17,ImTheRealDBS
627198572568707076,RichiePeterson0
627198573541613568,Sophmod
627198573864689664,tbaez10
627198581607432192,dasey_nichole
627198581871673349,LastJordanEllis
627198611185516544,PigsPutnam
627198614666919937,nahuelardura4
627198619347755009,AWt_h6_1B
627198624250896384,froitnb
627198633952325633,_bl4de
627198640411557890,brutavares
627198652344324096,irepPRICETAGG
627198652407111680,StartupProduct
627198657155190784,ngrails
627198660082798592,NailFairyLola
627198673336823808,Medusa030488
627198684921511936,doriskayy
627198688884994048,LongLive_QUEEN
627198694979436548,auction_me
627198700008435712,Shy_michelle
627198702424199168,ialexi
627198706987737088,jendallsgold
627198721084801024,naiousadia
627198736024780800,MacyColeman_
627198736129634305,CloudServerTips
627198742777757696,Buy_63jd
627198745004929029,amandaswtr
627198746506469377,Buy_63jd
627198751455715329,ianmaullin
627198766089654272,deadgansey
627198768123920384,prodkeisuke
627198779456749568,katelynjae3
627198780836835328,litlemisdreavus
627198788080308224,valeriaa_nicole
627198793742618624,BKGjewelry
627198795017814016,ReidMagee
627198801825038336,WebsterJeni
627198803150569474,uniquestarlady
627198817323118594,kennetheserevof
627198825116114944,vanessadruiz
627198824994447361,raimundezdiego1
627198827792080896,crushbieberz
627198830015086593,XwDgamin
627198838776963074,JobloreDe
627198838181236736,7e8dc06fa47b4d0
627198844753850368,beager
627198852349583360,DuTheMost
627198853289222144,StevensPineda
627198854014697472,Java_Dev_Job
627198862021763072,RareCandace
627198865456955394,Pinkflacko
627198865586962432,thegoIdfinch
627198869516894208,wd_topics_us
627198871156887552,Swishurz
627198887304925184,entre_topics_us
627198890882658304,BadGaal_Kae
627198911602630656,developerlondon
627198913779384320,vip_tyosuke
627198914266054656,jbcbmc
627198927377444864,illBRI_theree
627198934004404224,donflopez
627198940094574592,_itsimari
627198948139245568,BlackCatula
627198963641393152,Perfect1DBieber
627198964610109440,DiCerrillo
627198970750730240,steida
627198971845308416,pageman
627198973724340224,TYTHEAWFUL
627198977641959424,ellieluthy
627198981521735684,dargetoseas
627198984260595712,Maira_Barrionue
627198992816979968,korezian
627198997229379584,techhiringjobs
6.27199E+17,steida
627199001750843392,Push10soldier14
627199007446724609,kianaaa_michele
627199011171139584,TucakovicMarina
627199013784305664,AmyJolliffe
627199023154225152,deyisakiller_
627199023699652608,hannaahcox
627199025985495040,Stanaloveyou
627199032939675648,UrbanNinja13
627199036525793281,DhyoAmaral2
627199049528156161,ItsKarolayn
627199051243646976,biconnections
627199059967782912,HiGraceeee
627199061830041601,gdepraktika
627199063360991233,blairhicken
627199078087180289,DaFellow
627199085934694401,remisdiomedes1
627199089948643328,richardsikens
627199099855609856,richardsikens
627199100585246720,MotionMarvels56
627199104280588288,rubysbitches
627199107636047872,Oakzar
627199108021784576,EdkrazeGaming
627199109670133760,MotionMarvels56
627199119396896768,MySpirit_Guide
627199119346507776,VC_WC
627199133426827264,rubysbitches
627199135020507136,GeetarPrincess1
627199142285156353,__TERIAN
627199144579436544,rubysbitches
627199149365153792,naiousadia
627199171712430080,navybook
627199194021806080,cratnards
627199197830254592,JLClaytonBooks
627199202997702656,escamillaovidio
627199206864867328,__TERIAN
627199207238148096,TalentMerchants
627199211365232640,tmj_bal_govern
627199232609505280,courtneeeanne
627199241836871680,TalentMerchants
627199247541075969,JLClaytonBooks
627199249474678784,VVagias
627199251832025088,oscarwijsman
627199255468322817,crazyy_charisma
627199257846505472,rocfan23
627199262229700608,PattyBarronpd
627199266503536640,_Tristenvaughn
627199267497725952,iguessitslove
627199270333083648,JasterTDC
627199271897579520,casfucker4real
627199279669481473,deyh8nae
627199285486944256,Itjobcafealerts
627199297654620160,AnnaCampbelloz
627199298329907200,charlotte_w4
627199300003590144,pypi_updates
627199308065034242,Nosaj_Rellim
627199309625356289,snarepuss
627199313530064896,hattanplus1
627199316805963777,dminer78
627199317388959744,Michel_Akpv
627199336850563072,anthonyasikaruh
627199336187842560,iwonasz61
627199340898074624,softwaredev_age
627199354109976576,violetRebellion
627199357037711362,BelRand
627199370534858752,Rabbithollow
627199372418265088,MadelenKlang
627199382274863104,retweetinternet
627199389858201600,yburdukovskaya
627199390927749121,retweetinternet
627199400104824832,melissacarol94
627199407675420672,truthteller1992
627199407390244864,uglyTOOvain
627199427149561856,mischvMid
627199440210690048,BKSRacer930
627199480656437249,newlylistedit
627199480853430272,_laarrissa
627199484095791104,__marii___
627199498067034112,23Saibot
627199514345123840,ruby_redsky
627199515485933568,TodoCoders
627199521584508928,TodoCoders
627199522238808064,isurunix
627199523853463553,bornkingk
627199533441789953,TodoCoders
627199537313136640,padillacrescenc
627199538332323840,scoyle30
627199548142821376,Renegadeangel0
627199552215511040,toppromotions_j
627199555252133889,AlliosLeague
627199555617038337,aelizabethb1
627199558632783872,LabVIEWopenJS
627199557613527042,FrameworksM
627199561640095745,anthonyisenihex
627199565838446592,codingconjurer
627199572176162816,crazylary51
627199578799009792,TitleTechnology
627199585849581568,jakubgarfield
627199598885478402,LoudLikeBrian
627199599900499973,taylor_barkerr
627199601406291968,thesurfreport
627199607068471296,MyCloudstar
627199613909372928,Hire_Michigan
627199618909110272,xo_rubyg
627199622788857856,jonDevBot
627199626140102656,Wolfenettes
627199627067027456,DebianBug
627199628371472385,FibroLou
627199632972619777,pierregillesl
627199646650236929,NeuvooITLondon
627199647572971520,3kcinc
627199649925894144,IT_Cleveland
627199652320817152,proinsanitus
627199658151047168,brklnnbby
627199663452606464,jahlilthethrill
627199666325553152,3wash_1122
627199671975329793,LordDeondre
627199681664147457,mostwan24693237
627199690866475013,mostwan24693237
627199691617230849,mostwan24693237
627199709506072577,heckmullerpita1
627199712224018432,biebzxmagcon
627199728841805825,NeuvooITMunich
627199737142378496,havran
627199742259277828,jackie4csi
627199749091926016,barbieri_yasmim
627199749322510336,EmeraldEnvy11
627199759921639425,skytlan1519
627199761528045568,lannytoth
627199761670643713,GoAnimalNSave
627199775557976064,auctiondeal2
627199781408890880,PearlnetForever
627199787788562432,piperspiping
627199808080596992,onemonthedu
627199814925619200,chidochidochido
627199818486525952,ITJob_NC
627199822026518528,findmjob
627199834387124224,louie_hooper
627199836031438848,adstweetbot
627199845242007552,PHPDojo
627199851189665792,UpgradeHub
627199860698181633,ECbotOfficial
627199860672892928,Cherishtryon33
627199867517939712,findmjob
627199868403122177,PostmediaNews
627199893065568256,iconboxingclub
627199894961393664,ameanmbot
627199902796394496,IronFrigate_
627199909654044672,pinksniff
627199915991691264,BOSS__BEAUTY_
627199927039295488,kvsiaaa_
627199936468254722,MeghanOryBrazil
627199952675078144,unfcked
627199969632632832,ChrisCjmcmenemy
627199973852082176,msleford_g
627199975353663492,Naomi_jpg
627200011890089984,sebass787
627200012603269120,unfcked
627200021352591360,UpStream_GS
627200033104990208,AngularHire
627200036477267968,mdm_mav
627200038977019904,bhdigital01
627200042923913216,massimozanchi
627200046052868096,NeuvooITNewYor
627200053313204224,djrock1987
627200054231699456,FalouX_
627200054454001664,aliciayasminh
627200054860734464,_hemmohalo
627200055926239232,pypi_updates
627200060741320708,jbstydixlovato
627200069381390337,EmacsReddit
627200092584329218,PearsBoii
627200097063968769,specialreviewy
627200097441476610,auctionauction5
627200109919510528,vauseman5ever
627200112985513985,ConnorWTK1
627200114109644800,VerlisWolf
627200124737986560,Dylan_Does_IOW
627200159001276417,things_orange
627200159781289985,angelolinateo
627200192027070465,JosiasE_
627200199325286400,walkops
627200203565608960,Classi4UK
627200209920094210,Jenna_Knoodles
627200219063709696,Reawtu__Coigxo
627200221517377536,MaYellowDiamond
627200228232458241,MissGabrielle96
627200243033964544,HaxNewsFeed
627200253851086848,mauricachase
627200257303166979,zipripple
627200268539596800,PearlnetForever
627200269961465856,jmallonee
627200270922043392,isurunix
627200272322940928,ruby_redsky
627200277108666368,realEdwinTorres
627200279948185600,monkstoneT
627200282154242048,RaivooNET
627200284738101248,AngularHire
627200287816597504,schachin
627200292581347328,ViiaViio_JR
627200294053478400,SaraWilmoth727
627200312684621824,uv1997born
627200314886746112,weyheystylesxo
627200315843067904,umutluoglu
627200322444791808,afroboi
627200326475460608,akucchan_world
627200328505688064,richarduxomokeb
627200332989239296,Yelow79
627200337586352128,kurtisnelson
627200340710920192,ThisIsMyStream
627200346230759424,swbreakingnews
627200348487331842,1509hk
627200348382334976,scribbler992000
627200355806265344,mit01dev
627200356259225600,artwisanggeni
627200360592113664,NorBdelta
627200363444068352,artwisanggeni
627200368213147648,ConnorWTK1
627200368489828352,artwisanggeni
627200368573702144,MarvinTheRobot
627200374231818240,artwisanggeni
627200374215053312,geteslint
627200377729880065,Java_Dev_Job
627200380863053824,artwisanggeni
627200384180752385,artwisanggeni
627200386965700608,artwisanggeni
627200389905944576,artwisanggeni
627200392758083584,artwisanggeni
627200413780021250,NeuvooITRome
627200416258859008,BigEers
627200425498935298,lsallen1000
627200427050799104,rubyrpsw
627200437536473088,_badgal_a
627200444922597376,DamianoMe
627200456335429632,googletricks19
627200458793353216,love_strongJB
627200470906372096,WNSwimming
627200476379885569,LearnDigital777
627200476996612096,galina070477
627200486173765632,TechnologyNomad
627200489818587136,JohnHaugeland
627200492419043328,rubyrpsw
627200500107223040,Toybonnie465
627200502791577601,roben__13
627200501923209216,Slmahnken
627200511742242816,mindamedia
627200515584167937,LidiWiesner
6.27201E+17,BuyDealsP
627200544399052800,shawn_isamuffin
627200556721926144,UltraTom100
627200574308646912,carmartin_a
627200579530391552,itslexiiiii_
627200609826009088,Widgie6
627200619913310208,disigandalf
627200637739122688,tobegiven
627200639794327552,JesseDunbar4
627200646161240064,hatedbieber
627200646488424449,Codecademy
627200648975552512,_otrapenny
627200653404844032,zipripple
627200665605947392,BlackEyedBtch
627200667308949504,pradeepbheron
627200691254104064,IBMAinE
627200695494512640,LanreGbalajobi
627200697927217152,PythonHub
627200699688984576,PythonHub
627200704961118209,SherylSanders3
627200705577627648,JessicaHorne38
627200709965037568,Andrea_Alenjadr
627200711466569728,RubinrotXx
627200711684546564,aihtnycc
627200721247715328,HoesNPizzaRolls
627200726104711168,_TheRealRo8
627200728038162432,NChimonas
627200730680569856,MaryArmstrong2
627200733893500928,brutavares
627200735567052800,rubyrpsw
627200750410682368,PikamDeals
627200754021998592,celynroberts2
627200769519919104,kefkat12
627200770929238016,DragoNitrous
627200779837939713,enriqva
627200782463598593,emilytheslayer
627200786968264705,alienintraining
627200799194656769,flowerrrs_
627200802747236352,HazButterfly92
627200806043918336,QueenCriquette
627200812826128384,LabVIEWopenJS
627200817016254464,GandhiKathit
6.27201E+17,curvegawdess
627200822905016320,rochacbruno
627200843637497856,Places2CB4
627200844501504001,craigdenton960
627200847961825280,retweetnewsorg
627200854563684352,DamilolaA2O4
627200858237849600,hackernewsrss
627200874373349376,oterorufo
627200876751515648,phiWatcher
627200877166772224,MazitaNL
627200884968042496,proinsanitus
627200886452830208,pinotcanoz
627200886952079360,frontendbook
627200891699920896,jq2oy1trikuh
627200895483269120,oterorufo
627200897479651328,reclaimifytest
627200901120290820,peacfulasfuck
627200902059855872,EinfeldtExpPack
627200905016934400,noecamponoe
627200906686103552,DamianoMe
627200910951907329,NeuvooITLeeds
627200921915813888,jaxonripple
627200928253394944,comparerlesprix
627200942321090560,linnflux
627200948088242176,JeanieDoore
627200948654501889,offeryour
627200957517012992,walkops
627200957978316800,itsforyoujustin
627200973514125312,CAAnholtfansite
627200977536483328,DamiraReneeRose
627200988856864768,holgeradam
627200991633342464,GFXkarakuchi
627200995215417344,HoesNPizzaRolls
627200996213522433,LKKelley1
627200998092763136,mattyh575
627201008314241025,AbssDaKhalifer
627201010772115456,pixie48
627201025745813504,QueenCriquette
627201026894905345,cgta10
627201030246277120,ruby_redsky
627201046348197888,jerrydantonio
627201046394339328,linuxdaddy
627201064350183425,pypi_updates
627201065415536641,pypi_updates
627201066904387584,rayquaza_skybot
627201074378616832,PinPopular
627201075410509824,manteconraulino
627201076618526720,jotapezonta
627201081190187009,knigitr200net
627201081823612930,stephferreira2
627201089826263040,Ruby_RedWolf
627201096616771584,io_python
627201098424520704,batgirljamie
627201103646617600,ShoesSteals
627201108193230848,yasmeen_elali
627201111078891520,NeuvooLewisvil
627201117403881472,VincAppman
627201120063111169,djr5001
627201120381870080,thifaine_lasala
627201138153123840,HoR_Yot_94
627201153772564480,Ruby1Ramos
6.27201E+17,jaurenbitch
627201178795962368,RubyRMagic
627201185271947264,LickableKicks
627201213755486208,ohgnis
627201221514928128,perryftprepon
627201252774916096,Haveey_Waveey
627201254859542528,Freelance1fo
627201256885514240,albanobear
627201267266420742,retweetjava
627201268277231616,perryftprepon
627201268478529536,aimeesara88
627201290850840577,Bella_DAndalora
627201296316112896,RubyRoseBabe
627201324464119808,timonriemslagh
627201328385798144,Ryeitak
627201329782476800,ImpishInfernape
627201330684100608,NYC_job
627201337768419330,JesseDunbar4
6.27201E+17,rachelhidalgos
627201362724569088,Freddybone1
627201367577378816,wilsonadrienne6
627201383251476480,tyrthor115
627201394383024128,chillicoder
627201395729547265,1DirectionerZS2
627201403392372736,kidrauhlBA777
627201416969367552,Thoov
627201423357419520,rachelhidalgos
627201431397900288,paIvinsjustins
627201433637662720,MattiaMarchiani
627201433901879296,blessmyjustin
627201434510073856,NeuvooITRaleig
627201449311764481,wa2zsale
627201459151597570,Andreina_P
627201460728541184,RubyBlumenau
627201474708115456,necojackarc
627201477191311362,StackMean
627201478550097921,StackMean
627201491321901056,melquiadesvill6
627201501547597824,StackMean
627201503049089024,Dagalcan
627201503565119488,EuniceRicedr
627201507151192065,StackMean
627201510733139968,StackMean
627201512557674496,StackMean
627201515040718848,StackMean
627201515371954177,owenlongsworth
627201517301403648,JeanieDoore
627201518127685632,afroboi
627201518412894208,StackMean
627201519226634240,NickBaumann
627201524440133632,StackMean
627201524578549760,MadgeCrossleynb
627201532170268672,canoalonsocano
627201532946157568,StackMean
627201535664111617,ronaldoamorais1
627201545973575680,raveyybaby
627201549081681920,StackMean
627201551979937792,StackMean
627201553905139712,StackMean
627201554312003584,rishikesh2905
627201554756567041,Root4HomeTeam
627201559026368512,matanzorenan
627201561429716992,pueblakin
627201568794910721,StackMean
627201570791424001,StackMean
627201572708220929,StackMean
627201579402137600,python_job
627201580463357953,JerkyKeruffle
627201582841528320,python_IT_jobs
627201586549391361,StartupPosts
627201591100096512,XerxesLunaris
627201607692890112,OnShoutDRIVE
627201607650963456,OnShoutDRIVE
627201608988946432,daika04
627201613644623872,devnewsbot
627201618061062144,EfraFontana
627201621370363904,syd3825
627201624113565696,meianaxo
627201638264995840,necojackarc
6.27202E+17,JS_Cheerleader
627201644745359364,ruby_engineer
627201656384585729,stonedlyonne
627201656795602944,SophieWeetch
627201661170262016,roarjesy
627201666048069632,agrymrivers
627201669625966592,kuleban1985
627201683752398848,larrydarkitty
627201684574486528,sino_sityata
627201688110301184,lauublas
627201692866580480,Garrett_Helm
627201700525424640,HackerTheArtist
627201715121557504,shepotzp
627201720024629248,akucchan_world
627201733651886081,vauresexual
627201740329353221,KDNA203
627201742070005760,jaylnrenee
627201742866939906,ameanmbot
627201742967578624,sithmel
627201743898705920,OpenSourceHolog
627201746968932352,Vaihqu__Paozbo
627201749783314432,CutieKiller256
627201751272304640,Ciiwje__Veozra
627201756011728896,PiplupTCG
627201757588819968,dopemefuckme
627201771618725889,ThePeppyPup
627201775259545600,ariasmustafa
627201793123033088,WebStartupGroup
627201809132601344,DamianoMe
627201810030284800,Critterlover723
627201810483314688,bgclayton
627201814111363073,kubawalinski
627201820499267584,antonycourtney
627201820931268609,jesenia68445
627201821573038080,_hnyc
627201822864863232,ohheyoakley
627201836798341120,BaeDoTommo
627201837628829697,emma_Gras
627201838983589888,ShellZero
627201844754948097,WelcomeMeBack
627201861498601472,byrnexrose
627201890850369536,WelcomeMeBack
627201894264475649,beIievestin
627201898882273280,JerkyKeruffle
627201913549885440,codargh
627201914078404609,SnapFeedNews
627201931493122048,AqSCYxCXLnyA1ke
627201953978691584,radiogum
627201961226543104,WelcomeMeBack
627201965492146177,NeuvooITMilan
627201989496176641,WelcomeMeBack
627201991106662401,kkat18737602456
627202009041649664,WelcomeMeBack
627202014670262272,snakepic_bot
627202022375161856,emilyst
627202025277779968,WelcomeMeBack
627202031220953088,donnayanna88
627202032571666432,Deals_21834
627202033926324224,lingmena82
627202035486728192,Deals_21834
627202044575793152,GogoLesta
627202048799469569,Deals_21834
627202049143406592,kgirch3
627202055699070976,Deuyda__Boesla
627202056751874048,Deals_21834
627202067233406976,gdepraktika
627202069313789952,Deals_21834
627202074065829889,HNTweets
627202076058198016,LabVIEWopenJS
627202076158914560,bboykeigo
627202077396213760,JudyAldrich2
627202080449654784,WelcomeMeBack
627202088754388992,Yiapni__Voigzu
627202092999004160,CodingBerlin
627202094462713856,starmistcrimson
627202096811474944,PlatinoEngine
627202106848489472,AK_FVO
627202109121916928,SoulFoxxy
627202114306097152,KDNA203
627202117338537984,xRubyBijoux
627202131381088256,recruiterga
627202131448176640,Daazho__Ciejgi
627202135395069952,DebianBug
627202140033912832,DebianBug
627202140134621184,jonDevBot
627202146577027072,DebianBug
627202152277143553,DebianBug
627202156626624512,vanesaveraes
627202186993356800,zamislena
627202189317042176,yanezvalente
627202195998556160,beausmith290
627202224893005824,JerkyKeruffle
627202256325201920,beausmith290
627202282833190912,elle_nie
627202282661249024,BabyBoomerRants
627202296640876544,ottopoellath
627202297064484865,ruby_redsky
627202301653045248,Jeovca__Paasje
627202308280029184,romilangortes01
627202315712376832,lena_fialkovska
627202315917860864,ArthurBarbaro
627202318547714048,barbsilkstone
627202320200282113,pypi_updates
627202324608499712,jrubyci
627202328274190336,jameskerti
627202329046065154,zaynswaj
627202333349400576,brianovakevos
627202353435947008,molekilla
627202355495337985,mvz
627202362743111680,MariaParkinsonf
627202366832529409,frostal
627202375061753857,Ruby_Zimpee
627202381852315648,Geubpi__Xioybi
627202384293425152,MarcanoLeopoldo
627202388089245696,Lvzce
627202397459320832,meianaxo
627202401913688064,igortorfs
627202401586561025,CharlesRhodesgs
627202406732967936,ILresearchdata
627202416384036865,Keulma__Xeocsu
627202417977896960,Amciver9
627202421601751040,ItsJaylisa
627202426169200640,c_urlyy
627202429898084352,CoquettePastry
627202431600869376,Bella_DAndalora
627202443655294976,RedditJS
627202446213914624,davidakin
627202452052406272,greatauctionsa
627202453348446208,mareksuscak
627202459774005248,DamianoMe
627202461976162304,greatauctionsb
627202482133929985,Dilayerceis
627202487150342144,Yoakve__Goubcu
627202491805999105,BaeDoTommo
627202494024810496,jasonuboroyol
627202500597317632,pqgonzaga
627202506930716673,BaeDoTommo
627202509963177984,matheusmmo
627202515482857472,Jordinez14
627202517403889664,vausemanlol
627202529860829184,DivineCastielle
627202534772490242,rdenadai
627202536466948096,AngyWill
627202537934884864,daisiesanddew
627202551994257409,gsu_library
627202552359206912,gtcfeederteam
627202558134583296,LadiesForToday
627202573704011776,pypi_updates
627202578821029888,designer_bride
627202582016995328,thejenniekim
627202582684004352,extravagantpro
627202589516537856,helenasbby
627202590565093378,MButtreaks
627202598441848832,TimTebow_Fans
627202605639434241,MultiDuckify
627202614791413761,Ermac_40
627202616058097664,korezian
627202636991885312,sauttomacabeo
627202642058571776,KDNA203
627202643040059392,Kuevbi__Soenva
627202646223548416,enrico_vales
627202654725214208,f3ew
627202660131717120,imadribtw
627202663378223104,LennyB_75
627202664732995584,sgrdgz
627202665005608960,RockinGramma47
627202683296837636,ryanflorence
627202687013154816,laurascritterca
627202688133013504,zaynswaj
627202697226264576,ElkRavenhouse
627202697217703936,TheConkerdeus
627202716738174976,sjoecable
627202718940028929,tmj_dfw_it
627202719611228160,Piabxo__Jiawme
627202729882955776,MacMcGuire14
627202733087588352,Xoocde__Huakli
627202737273479169,eugene_fed
627202757317910528,RubyTuesdaysBff
627202762783223808,DolgushinMixail
627202773189136384,Bella_DAndalora
627202776850911232,zaynswaj
627202793334386688,spookyjersh_
627202800632602625,Dubruh
627202820400377858,ftkiidrauhl
627202820916269057,ReactJSnpm
627202825483878400,Houlwu__Wuotnu
627202825945284610,luckybrowneyes
627202835663355904,NagarjunBaindla
627202838666563584,ITJobsMA
627202848871292928,TJBdesigns
627202851798917120,basketballvalue
627202851631165441,Flint_WebDev
627202851668889600,thisKidCanCode
627202861823303682,quinonesdemian
627202862322311168,trendinaliaIT
627202866378375168,bmartemyanov
627202880370552832,Whaahaay
627202884740976641,mgaerber
627202901018963968,SkinnyTayyy
627202907801321472,LeleuTristan
627202912410714112,itsmeAlex28
627202912922566656,BornCor
627202918991572992,HollySobiechMK
627202922502340608,tschillling
627202923181789185,Hot_Deals992
627202925299941376,wmukluk
627202933130719232,GroupDW
627202950419476480,rubyatStackO
627202952634212352,Hot_Deals992
627202954332893184,_CashDallas00
627202958665629696,_fawky
627202999631388672,Xeulri__Buosla
627203002508701696,style_victorian
627203010373001216,cecinne
627203010943406080,innerdrop
627203015632637952,em_fell_again
627203017545265152,ellen_andersen1
627203021953482753,tiayylmao
627203030417580033,ZoeyHolmes1
627203038848135168,itsB333A_
627203051586109440,Xeowwu__Niezka
627203057223274500,AlliGiancola
627203059224059904,ClassicFLL
627203062365597696,Charlotte_Foxxx
627203062713729025,oterocoriolano
627203066253590528,s4n7h0
627203067646074881,idolxfactor1
627203072759083008,mikendluke
627203072683589632,Giiqde__Coiffu
627203090438074368,oterocoriolano
627203093227175936,Recruiter_CA
627203093873229824,NavroopMitter
627203095047467012,DesmondBreezey
627203107420831744,newsycbot
627203112940474368,duenasdenada
627203122922942465,rowenacraig2
627203130200092673,thomasopehacob
627203153545547776,davidcamachoj
627203156364132352,manuwell
627203158721339397,RubyRMagic
627203162945003520,namelessben
627203168363937792,LethalPoison_x3
627203167902679040,Stybzster
627203170536685568,mushyshroomss
627203174332530689,AdebolaAguda
627203185245958144,ItsInfernoo
627203184113680388,Alicemegan93
627203207777886208,f1xedgear
6.27203E+17,RubyRoseBabe
627203220620840960,_jr0driguez_
627203223355543552,BigSisterCloset
627203226614505473,Jiucla__Jiudsa
627203233740623872,padillacrescenc
627203235267391488,mcmbot
627203244305940480,rubybbest
627203246994628609,TodoCoders
627203253017686016,TodoCoders
627203254053662720,TodoCoders
627203257815986176,shortybruna
627203260475047937,LethalPoison_x3
627203261775355904,padillacrescenc
627203267211173888,Raukgu__Goozze
627203271371980800,Voixju__Caiqja
627203276002488320,Zioxna__Tooqxa
627203276950368257,YahikoUzumaki2
627203285049606145,2Slau
627203301608673280,Ziadra__Daikye
627203314472591362,PhilTB54
627203317588889600,foodie2222
627203331535073280,LabVIEWopenJS
627203338048806912,JewelryByAmyT
627203337985900549,NeuvooITAtl
627203353160876032,spring_bibi
627203364879794181,WorldwideJs
627203368457531393,Pioppu__Coabja
627203379597606912,jakeholshue
627203381002678272,avadigiovanni
627203382244188160,elise_serenity
627203390997700608,Puoxha__Viuyko
627203392570527744,Loodla__Xuaywi
627203396622282752,Accio_Code
627203398761349120,jonDevBot
627203399117873152,ameanmbot
627203404427870208,EmotiCodeDotNet
627203404876619776,LesbianFrench
627203425663623168,_LuLara
627203429107138560,tokvbok
627203436522696705,AziztheHooligan
627203454881132545,joelmrcr
627203455443038208,DevelopersDojo
627203463345254400,Megga1UP
627203471050149888,susall09
627203470844674048,partyideasbuzz
627203493091246080,ClassicFLL
627203507293155328,606club
627203522946330624,ogidra
627203525018304513,RubySohoFashion
627203556320391168,GaryIddon1
627203565401018369,Accio_Code
627203579263250432,mnikolaos
627203579082874882,codevincedev
627203580152389632,pypi_updates
627203581008068611,pypi_updates
627203583142948865,Peta_Eaton
627203583495262208,Track_Chat
627203583214256128,tm_interesting
627203601400754176,piperspiping
627203632312811520,vausemanlol
627203650310569984,Hoiyfo__Juutpi
627203657881157632,amarephil
627203660318179328,HackAlertNews
627203660624171008,GrailsUserList
627203667867742208,EibhearOrwel
627203667871989760,KaitlynMadelyn1
627203670686453760,LifeLordess
627203676696875008,scottgranneman
627203683051307008,ShirleyYYoung
627203693268594693,hn_rotub
627203718266667009,Toetgu__Zeunpa
627203719860461568,hotvause
627203720082657280,buxom9412
627203723903668224,lexi_saphire
627203724121915394,codevincedev
627203733177413632,pintsized_21
627203739640688640,bay_clem
627203745571540992,MrsFoulds
627203746410442752,mdm_mav
627203757030436864,Mooyde__Ciixlu
627203765527973888,thirdeyescribe
627203766362734592,Rubyateyoursoul
627203773035745280,SkittyInTheTree
627203778014498817,vausemanyay
627203789204754432,BVNGINGILINSKY
627203794321936384,thehumanfetus
627203808309956608,AngularHire
627203819999502341,NEHumaneSociety
627203821878554628,linnflux
627203831563063296,myikegami_bot
627203831865065472,HimejiMizuki
627203833719095296,LinuxJobs1
627203845500878848,SneakPosts23
627203848315273216,lottefrank
627203849892286466,Luecke_Bernhard
627203851628756992,DREWHlSKY
627203855177150464,charlesedoxubul
627203855542054913,katelynszym
627203857525948416,Leidhe__Feevxi
627203875489972224,kinleyfisher10
627203889897570304,hyperh4cker
627203898780979201,JHudsonAllNews
627203901578682368,ryanafc19
627203904867016704,wbolster
627203905810776064,_metalismylife
627203906368634880,korbonits
627203918473236480,sublimecoder
627203920557965312,RetaMekt
627203922482982912,nvokes
627203923464593408,thaumaturgie
627203927381950464,Livbug101
627203934743101440,Paisci__Daefqo
627203939922919424,LogicalDash
627203950039670784,Famozz
627203962031206401,searchholistics
627203963180322816,abr_gnz
627203967638966272,Jaiytu__Siumya
627203971069935616,davert
627203991114416128,Goodlooksmcgee
627204005291278336,domiduplan
627204011288956928,NaKiTo6
627204018192953345,RiK_Wyatt
627204019749015552,PythonArgentina
627204025448935425,Bella_DAndalora
627204041383223296,WaalaaStore
627204044361199616,abysmahone
627204049138548736,EricVsGames
627204051277516800,therayapapaya
627204060790292481,byrnexrose
627204063994736640,vauseman5ever
627204068222607362,Un1v3rs0Z3r0
627204077412331520,hey_dandelion
627204077810642944,gisegamycecy
627204082286071808,pypi_updates
627204083108171777,pypi_updates
627204083091394560,PythonArgentina
627204084748185600,pypi_updates
627204084504748032,starmistcrimson
627204087394770948,sparksforjb
627204091375169541,miaumazzi
627204106055221248,felipeclopes
627204107649028096,Buttercup565
627204110006226945,TheMintyBadgerr
627204111256158208,Mom_Girl_1D_Fan
627204124535300096,Yeavhu__Qoanvu
627204125009256448,abysmahone
627204130482880512,laylortbh
627204153031397377,NeuvooITSydne
627204153736056836,PauNoGeass
627204155074023424,thomasabrahamt1
627204162963533824,Veeryo__Woimhi
627204168843948032,rubygems
627204169330499584,FamoussAssDan_
627204169204637698,thomasabrahamt1
627204172191014912,vausepaulson
627204185532968960,MrChrisMoo
627204189748359169,T0XicGreif3r
627204194512932864,Merveyilmazelli
627204196991787008,NathanHsieh
627204201748254720,Veapgi__Deuccu
627204209256058880,Marinou_bsct
627204233029226496,Mining__Jobs
627204244374949888,thomasabrahamt1
627204260854374400,LilyLemmer
627204273374392320,Xoenzo__Koephu
627204280219500544,ibhvde_
627204289065299970,Cocacolaebay
627204294089924608,InGynecology
627204293783740416,cutestprepon
627204297432784896,bunnaby
627204308463919104,itsgiulaii
627204308434571266,pwebmedia
627204309504102400,ricardoareis
627204310766628864,7clarkyred
627204311588712448,AngularHire
627204322388873216,quippdPython
627204323601022976,ChileanNick
627204324695932928,T0XicGreif3r
627204330744086529,NickScutari
627204348074962944,wasimsash
627204355708579840,ronaldoamorais1
627204355746332672,Apps_World
627204358468452353,Joblore_US
627204360964055040,thiago_lover
627204370875072512,Rubybot_
627204372443852801,minilynn3
627204375035953154,cdarklock
627204374956261376,Riaxbi__Yoacki
627204377212755969,iimThatCHICK
627204383185457152,AngelR1315
627204391284699136,geeksamu
627204399593603072,lisacarroll28
627204403834040320,TheGratefuldogs
627204409848668161,HBGMqHLI8m0e1Xx
627204410863554560,mpohara
627204413195714561,jasonimezeqek
627204415754113024,watsonrevelio
627204424075710464,renaissancefai
627204424281288704,pat_obidinma
627204424461586432,Amy_potterhead
627204448759189506,Forty_EightIUP
627204450260779008,FITIMAGEFL1
627204453909835776,MothWipeout
627204467298070529,Auld_Da_Jim
627204470485729280,Xeirto__Koiyni
627204470947082240,flaugher
627204483416588288,RoRManiaJP
627204507718582272,dallasripple
627204511883509760,mrLozchka
627204513020145664,NeuvooITSanJos
627204546503143424,car_loan_auto
627204549669859328,Otra7915
627204563297288192,AngularHire
627204565348315136,mortgage_2
627204574370263040,Ceikje__Boewvi
627204578371575809,JobloreDe
627204581009833984,brendt_gd
627204591571050496,cauvji
627204591915024384,LabVIEWopenJS
627204594473541632,MiCursoDigital
627204597002674176,Huupca__Zeagzu
627204598235852801,fresh_arrange16
627204600483946496,andrei_me
627204603910582272,antimaydan2
627204604476960769,Huupca__Zeagzu
627204610307002369,BoraalDotCom
627204612639064064,SciGamer21
627204616946520065,Dardeerlingtea
627204619551182848,menbugi2
627204624257318913,Diiqpa__Boogxi
627204627713425408,everystack
627204632473939969,ToniTheTiger95
627204634558484480,justalexdoa
627204634491293696,Mileckaaa
627204636911534080,Diiqpa__Boogxi
627204640187228161,codejobs
627204640946397184,ToniTheTiger95
627204644150775809,M_Ar_Fa
627204656041570305,NastyaSivirkina
627204656314380288,jonDevBot
627204658080014337,DebianBug
627204660886151170,DebianBug
627204664610521088,Vasiliska___
627204673204846592,dat_tushbabe01
627204676602073088,meninistcode
627204679898796032,lynncyrin
627204701755473920,Yeisdu__Zuelge
627204732289949696,PauRLNSN
627204764892295169,pikunasney
627204765793980416,iSSaVlnzla
627204766872043520,secureduniverse
627204766779711488,fckrcarol
627204790246895616,allgdrzaynn
627204800845889537,lauralyonnedemi
627204812631875584,StackMean
627204816134111232,StackMean
627204819841851393,StackMean
627204819946733568,sassygaycallie
627204821427310592,giocante
627204830822572032,StackMean
627204832991014912,StackMean
627204835805425664,StackMean
627204836451348481,pypi_updates
627204837214679040,StackMean
627204837462147075,Best_WPThemes
627204840909860865,rbnhmll
627204854621016064,StackMean
627204858307809280,StackMean
627204861570977794,naiousadia
627204864376983556,StackMean
627204874988572672,Zuuzbu__Suutyo
627204878646050820,SciFiFanReads
627204882802573312,mooch1961
627204889261776896,EgilDohertykw
627204899244085248,prakharsriv9
627204902104760321,StackMean
627204903220416516,Toybonnie465
627204910010888192,Hire_Texas
627204911105753088,StackMean
627204914532458496,StackMean
627204915086139392,isurunix
627204916508008448,atlbiker
627204917342683140,Cuodho__Seejle
627204922866565120,TheLittleDeino
627204930923798529,Xaojma__Noewzo
627204933272481792,NathanHsieh
627204944429342720,bvjebin
627204946136399872,Jasonn2Trill
627204953187196929,mchernyshevska1
627204961336733697,Dirty_n_Flirty
627204964410982400,MrChrisMoo
627204971008651264,7e8dc06fa47b4d0
627204977879052289,CorbyCake
627204982752698368,IT_CA_recruiter
627204987857305600,JRaphaDeveloper
627204991019827200,brianblakely
627204993297203201,ITJobs_ca
627205011253133312,Juan768Juan
627205018555301888,ChristieBBooks
627205028428816384,piperspiping
627205048880246784,Voonce__Ziacge
627205089208463360,NeuvooITHambur
627205093000126464,lukefaux77
627205094384254976,MaYellowDiamond
627205098855366656,WelcomeMeBack
627205099409031168,nelsabrinx
627205099513884672,Xaegci__Xoiqsa
627205100524716032,speakingcode
627205110830120960,MinLinks
627205114495926273,WelcomeMeBack
627205118589579264,NeuvooITLeeds
627205123668885510,twoncpcjg
627205124453089280,LDN_2471_BOY
627205126059495424,TdMamone
627205128328757249,NickBaumann
627205156682076161,polotek
627205160851374081,tyrthor115
627205165322502144,nobelsn
627205182456246272,trodicaro
627205183408316416,trodicaro
627205184364617730,trodicaro
627205185140461571,Mylovatogirl
627205194938478592,Loesmu__Laufdo
627205198805618688,UltraEdit
627205207424798721,pamyu4649
627205214068703232,hamzaomary45
627205218736996352,realquickreads
627205219076714496,Ajhxo_
627205219772932096,lexie2piper
627205226244669440,BelindaW75
627205226794229761,frankrietta
627205229004492804,IT_Job_UK
627205233681240064,bubusher
627205237233840128,tomzaragoza
627205239943270404,IT_Recruiter_NY
627205245211443200,chrwga
627205254363357184,genechan
627205255634231296,BlackFoxFashion
627205258964508673,Adjo1968
627205259526582272,BlackFoxFashion
627205268657582081,prechilling
627205270486282240,Vuirpo__Raudfo
627205269676687360,MySmallTutorial
627205282456846336,LiviPurnell
627205283694010368,qnighinetan
627205303516426240,ZRJobs05
627205304615325696,gjuljo
627205318372642816,DatVenusaur
627205327503495168,karun_f7
627205334021619713,ruby_redsky
627205341978046464,PoliticalFeed_
627205346768089093,jlkopfLNP
627205348013813760,JStrotmann
627205354812608512,Cons_Blog
627205357153038336,andraepalmer
627205358499434496,Recruiter_Lucy
627205362291113984,ivxn_mrls
627205369740267521,Merctron
627205371430502404,dedywacacaw
627205374878224384,latest_jobs_usa
627205375910150144,JobloreNY
627205394528481280,Jade_Beliebez
627205395610796033,GoDataFeed
627205403038863360,Booppe__Diozja
627205431635611648,kennethehuwazek
627205436463292416,SOlgaaa
627205454402334720,austinamoney6
627205460379111428,starmistcrimson
627205472681107456,alexvausefan_
627205473956184064,aleks_sidorenko
627205475163963392,kiaracazares
627205481518338048,RedditPHP
627205490783690752,kreenal
627205501827334144,endreouw
627205507791482881,brittylovesyoga
627205525076246528,Goodlooksmcgee
627205528939294720,ZRJobs04
627205536489062401,TatumJames_
627205538372296705,nathansteele246
627205538854662145,Arielll__
627205554029637632,TheNstar40
627205558823727105,exceptbiebers
627205569632317440,CloudServerTips
627205569947041793,AngularHire
627205573667241984,AmandaNigel
627205576385282048,GregoryW_92
627205593384796160,MiIitaryUSA
627205594261401600,fimpfila
627205600179425280,Lilyspad58
627205603836850177,python_job
627205604973547520,python_IT_jobs
627205605200019456,unsteadyeddie
627205608119365632,theguaz
627205612397572096,Anna15197
627205619410411520,ameanmbot
627205639933005824,CloudServerTips
627205641455685632,jasmineshaddock
627205654659366912,Rubywalsh_
627205659130527744,xxgiuffre
627205715128553472,fiftyshadelarry
627205722078621696,_badassvause
627205739233288194,AricToler
627205744723664896,quinnsdianna
627205762520100864,LIPSapp
627205766638907392,Maiyannah
627205778101903360,ULoveResq
627205811966644224,ItsMayho
627205823987625984,T0rrenseKbs
627205825476603904,davereid
627205830710968321,1D5SOSetc
627205839426834432,zayyskii
627205840429314048,ruby_redsky
627205849769988096,LabVIEWopenJS
627205865184038912,JobloreUK
627205872645709824,JobloreAU
627205883265548288,Bella_DAndalora
627205910667116544,gus9mmJHP
627205913674276864,simnalamburt
627205914693627908,jonDevBot
627205917310750720,GoodsOFBasketba
627205925267447808,AstroBioProf
627205929654747136,RubyStewart97
627205933786116096,markaxuzolih
627205935581278208,The_Real_Joe_Lo
627205937741303808,LaylorsTatas
627205946050277376,YHDPimp
627205951251193860,REALMassi_93
627205957303566336,developerlondon
627205965163708416,LaylorsTatas
627205969848729600,naiousadia
627205986458202114,the_duke59
627205993961816064,youngfringe
627205997103218688,ak_yama050
627206001553444864,josefkavaIier
627206004195880960,99_caroli
627206010181128193,potemcam
627206012676796416,nicoleyeary
627206017567354880,JayGuevara82
627206054917591040,zagy
627206065327874048,odeedee
627206073276067840,Alice_Caldwell
627206075012485121,Smethy
627206085598945281,totrov216
627206089101213697,NorthantsHPJobs
627206097724698624,pypi_updates
627206100463435776,tirelessness
627206106272677888,modernwebhq
627206108021526528,anunciato
627206117366566912,virusjauregay
627206118603886596,99_caroli
627206145950789632,Marinou_bsct
627206146311462912,01faye01
627206149197029376,watsonrevelio
627206152732999680,01faye01
627206164573335552,senthilnathansk
627206167341760512,sophiaguillenv
627206169417916416,danieledoyoqiy
627206172588797953,Tsana_D
627206176648916992,LauereliMeyer
627206190993440769,bernieforkin
627206204083847168,asicfr
627206209360105472,Bella_DAndalora
627206220781326336,dvfuqq
627206236585492480,goediaz
627206247180304384,SaneleSankbnd
627206249332015105,kdnuggets
627206258907611136,progscrape
627206267094835201,LPreponWorld
627206289496645632,woodsrola
627206293925658625,Pablo_Hire
627206306760409093,potemcam
627206311227301888,bocaszarry
627206318856740864,spacemagick
627206337940856832,FHeraldJobs
627206342839631872,jaaayttteee23
627206363148464128,ITJobs_Atl
627206374812860416,pswinnauthor
627206378495438849,ITJob_Atl
627206379632218113,JL_USStartups
627206385449738240,leobarreira1
627206394005970945,ArenasFrida
6.27206E+17,BestTemplatesWP
627206426365046785,DamianoMe
627206434455965696,hoops_26
627206445549944832,kenrossi
627206452424392704,AnthonyW1m
627206461643431938,ViceVersaYT
627206463321206784,FOX19
627206479083401216,SOlgaaa
627206494828761088,Kosherart
627206496636510212,_ksu_regal_
627206504530247681,AnnieJayChick
627206507864698880,goediaz
627206520938303488,BelRand
627206540466913280,TommyMJamison
627206546150199296,nelsonsosa85
627206549635731456,rlanzara
627206548704600064,Boinqo__Wiaqna
627206552651497472,itknowingness
627206574277308416,voy
627206574373793792,grootteef
627206574797238272,Angel_DoitBig
627206579880771585,TalkPython
627206585316704256,ashleycam3ron
627206590182068224,ashleymgrant
627206591562010624,JobloreDe
627206597245177856,Jackieknows320
627206597354217473,mikegrimshaw2
627206598730088448,ZeerakW
627206599996784640,rubyfuckingrose
6.27207E+17,alyperezc
627206626269863936,EmpJNorton
627206628060856322,ExplodingAds
627206647673454592,easement
627206659648135168,JulieAnnRobert2
627206665125822464,askeate_quiroz
627206665889296384,Nicky_H4V
627206671215931392,ConfiaEMSI
627206672793079808,hynek
627206680942481408,splitdolphin70
627206710361522176,mjkhann
627206720004202496,yebizzle
627206723510648832,drimts
627206736621867008,Python_alert
627206736806440960,Javascript_Qt
627206738035355649,Python_alert
627206737641078784,PearlnetForever
627206739809685505,MitchellJDavid
627206739687899137,Python_alert
627206739872485377,Javascript_Qt
627206743567790080,limiear
627206745782358016,robert1946new
627206747841691648,Marianne_P81
627206765155852290,koriecallihan16
627206820113842177,andartolo
627206820759625732,htmlerru
627206823355940864,resume_expert
627206864271323136,MillerSherlock1
627206867010256896,Maryland_IT
627206868071415808,ITPortland
627206881065455617,JobloreRU
627206882608988160,Puncheon_Meat
627206881459597312,ITjobsinNY
627206884240416768,KdeKathi
627206889542172672,Tiff_Elise
627206891328937984,Erin_Bradie
627206898324869121,romanoffsbae
627206897725149184,d4ncu
627206923855728642,BourmeauPauline
627206929853448192,DamianoMe
627206938170789888,Yung_Homiie
627206949050974208,CJeacle
627206948874645504,SJCtrolley
627206976594923520,TheRealKimBaker
627206983163076608,_natalierae7
627206988741513216,pairofshoelace
627206998065463296,trendbisnis2015
627207003262201856,Marianne_P81
627207018198208512,scalajobz
627207022304477184,chrwga
627207025190023168,nanothyll
627207036514734080,scalajobz
627207040834732032,iamkiaraaa
627207064029392896,CJsHandknits
627207068001435648,TodoCoders
627207071440568321,CamCoopa
627207073114275840,TodoCoders
627207080898883585,TodoCoders
627207082736021504,lifays
627207086678671360,brwngr
627207094610067457,ssunshinenxall
627207102029778947,mkshftlnks
627207105188102144,MySpirit_Guide
627207108740706305,edwardsezip
627207109197758464,CodeSnipShare
627207109977882624,StrongLoop
627207111756410880,LabVIEWopenJS
627207112460926976,_izryt
627207112368590848,BestAWS
627207113719291904,TechCareerSpot
627207113828270081,mividriera
627207116051320834,serendipity6969
627207117183811585,alexabdelwahab
627207120476336128,TosynBucknor
627207122024046592,kevinavatinep
627207122745454593,formo92
627207123412258816,GM_Careers_RPO
627207131133952001,dallasft_caniff
627207131893211136,trending_robot
627207132186701824,Python_Quest
627207134304808960,Python_Quest
627207138729791488,Tech_Recruiter
627207139115687936,AspnetDaily
627207143838515200,BestOfRuby
627207149047939072,Iamspacebongz
627207149542895616,NeuvooITLeeds
627207153653133312,AceNova_
627207173274238976,jonDevBot
627207176029896704,konagosytoco
627207176432390144,molleighsuee
627207195856257029,_izryt
627207201623515136,onemonthedu
627207203280302080,LeaMizz
627207203997364224,completeajob
627207207306661888,findmjob
627207208892116993,mucom88
627207223832240128,DamianoMe
627207230660734976,etrap
627207235266052096,sextavenida
627207235630968832,EspTorrelodones
627207241448357888,ITJobsMA
627207245613408256,phobblegum
627207246016065537,matsuu_zatsu
627207249430192128,Neyd3
627207290228051968,_izryt
627207300109840384,findmjob
627207303104720896,StartupManage
627207316069314560,monteggiad_
627207318585913345,cursoderails
627207329734209537,geeksam
627207335027568640,ilyybieberr
627207339922296833,PyBaltimore
627207341931393024,falknereagle
627207349061713920,mczub_ebooks
627207353050472449,mkshftlnks
627207372042186752,_Bieggs_
627207384839000064,MORepDunn
627207387863248896,PoeticJess15
627207392300630016,findmjob
627207407232487424,TechnoSavannah
627207407396089856,GNMX33
627207411137429505,monty_torr
627207418879971328,JBieberReport
627207420553633792,reptiles
627207424345264128,pythontrending
627207431056150529,gemmahaughton1
627207432654168064,Hotilinsky
627207438295367680,findmjob
627207441025884160,software_daily
627207442582122496,porrabie
627207444389851136,Deeekos
627207446843510784,CourseScouts
627207449464938496,DawgDexter
627207451121741826,Baby2Kids
627207461909491713,mongogram
627207463297794048,monty_torr
627207479999512576,CorujinhaPichi
627207480221655044,afroameriken
627207480918020096,aknchris
627207488576843777,IAMM0NEY
627207491252813824,Annah_B_Mpela
627207515273568256,KellyTo31294752
627207521799790593,DebMalenda
627207532826767360,rubyrpsw
627207536379301891,mwachoni
627207549415067648,landerson2712
627207572710232064,nattapol
627207572433440768,awholeshitpost
627207584265711616,pugismydrug
627207599537041409,MoodyMrMembrane
627207607439216640,pypi_updates
627207615617982464,findmjob
627207617639657472,Ian_23_
627207619132936192,Socialmedia_age
627207656118317056,brumarinho_
627207672362835968,villalongvalen4
627207680285876228,rugamataciano
627207683792334848,ReeceY037
627207687558823938,villalongvalen4
627207694630449153,SapphiresRuby_
627207701119025152,villalongvalen4
627207707389521920,naturephotospa
627207717933813760,JavascRRipt
627207724674220032,tokvbok
627207724993015812,fabricioandras
627207726834286592,tokvbok
627207725425000449,tokvbok
627207731108257792,wolever
627207745968689152,villamontevale5
627207746690097152,irazabalporcio
627207753673666560,_amirouche_
627207761609109504,rockymtnruby
627207767141564416,ruiztadeoruiz4
627207772820664320,ronaldoamorais1
627207778495414272,Jewelrybyluetan
627207783897788416,ezequielalbrec5
627207790222667776,DamianoMe
627207797764194304,SamWiseRiehn
627207803791384576,MagerValp
627207810607128580,freiden
627207829397602305,CPSICchina
627207836687208448,jjeck_01
627207856941608960,pypi_updates
627207857730113536,charleyrach
627207857839185922,pypi_updates
627207858233450496,draaadraa
627207866244562944,ruby_redsky
627207884259115009,TeamcreedES
627207893180411904,NeuvooITNewYor
627207900222492672,stevensosaa3
627207920510308352,elolelolphant
627207921189961729,amazingofferk
627207930002165760,bestproductsh
627207946372562944,youtubizzle
627207948360531968,mackennamariee
627207958791897088,stephferreira2
627207958091407360,williamiwibudek
627207971357863936,TeamcreedES
627207969688698885,reviews_grand
627207975934001152,vagasnaweb
627207982359646208,MoiCestSidar
627207997786300416,JB_LeXuS
627207998767652864,fideloper
627208002785910784,thomasabrahamt1
627208003385729024,X1alejandro3x
627208003763056640,ITjobMichigan
627208004237029376,ITJobsinTexas
627208005398892544,ITFortWorth
627208011333959680,Hi_Im_Dora
627208011975520256,justinstalents
627208018623602694,koe_no_katachi
627208020997615616,rahsaoliveira
627208024441135104,JoyJapanimation
627208029654679552,stephferreira2
627208042140971008,DamianoMe
627208048113790984,StealthFatality
627208063007727616,danott
627208066350608384,auction_grand
627208074516893696,trevillatorcua4
627208075120889856,MyxBieberGrande
627208082917961729,jairideout
627208086126755842,priantedanilo
627208093516967936,MiaRosa96
627208107781943296,cjsthe2nd
627208120033497088,rjaviervega
627208122424295424,JobloreDe
627208124542418945,tech_fort
627208149615841280,artwisanggeni
627208150291214336,Kevin_Noon
627208152153395200,artwisanggeni
627208154393133056,artwisanggeni
627208156272283648,GraciousGems
627208156477665280,artwisanggeni
627208158973300736,artwisanggeni
627208161401815041,artwisanggeni
627208163901575168,artwisanggeni
627208163624943617,marinregino
627208166032470016,DCnowApp
627208166065844224,artwisanggeni
627208167823437825,FernandoPian
627208168179761152,artwisanggeni
627208170285314048,artwisanggeni
627208172353118208,NicktendoGaming
627208176627261444,NancyH4VBristol
6.27208E+17,smilingbluedog
627208217651736577,cindyharness
627208223955791872,inocenciomende2
627208227864756224,ConfiaEMSI
627208231694258176,tamesmanfredo
627208234378600448,jacksonsteps
627208234827448321,AllenDaniels13
627208236043665408,Dj_Whyte_Wolf
627208239512481792,pavlo_yuriychuk
627208244885331969,BraJeanMendiz
627208245296431104,GregUniverseRP
627208278888480768,pingwingswing
627208282478931980,EpicKidFails
627208292348129280,Iamspacebongz
627208312300376064,skate_zach
6.27208E+17,glamrockchick90
627208320881979392,HomestallTodt
627208344009244672,MOOCreddit
627208347339526144,PalmsUp22
627208349793288192,ItemsGrand
627208363978436609,LabVIEWopenJS
627208365991538689,scriptzteam
627208381812617216,Jmillz2586
627208382030544896,ITJobsIllinois
627208384303923200,FishandGame
627208398170365952,jfathrey
627208399269273601,JobloreNY
627208400263360512,LokeMontana
627208402054348800,jmuir
627208406307352576,SoulFoxxy
627208407318183936,lucioruizlucio
627208409956270080,wd_topics_us
627208411554410500,kaiserpoo1
627208421285195776,allymentacao
627208424846135297,menendezcayeta1
627208429556355072,giulianoflores7
627208430080630784,andreuadalberto
627208435579400192,kaiserpoo1
627208437030629376,filadelfobata
627208439396175872,ScottyDuzzeno
627208446962761728,adonaiaraujo451
627208448929697793,QueenRubz
627208453325500416,NeuvooITPhilly
627208458442387456,WeHeartRubyRose
627208459742613504,anderspitman
627208460220932097,emma_Jkelly
627208467128975360,ThisIsCSD
627208467435102208,davidtennant
627208467476934660,nurkamol
627208479644618752,_izryt
627208486464589824,YoubidderSniper
627208489849335808,beto0303
627208494559686656,stapletrend
627208495054589952,isurunix
627208495780245504,Pautva__Hiifca
627208497042604032,MariiiaElenaaa
627208497516576768,trancelol
627208499873775616,AaronFagan
627208499471126528,vazqueztorcuato
627208513891074048,amberweinberg
627208528772603904,yuanliu1work
627208547516989441,StackMean
627208548229980161,isurunix
627206657815261184,EmpJNorton
627208556480229377,pbarron13
627208561974771712,StackMean
627208567225982976,Tebogo_Rthe3rd
627208581859942400,LaurenCabeEllo
627208596737126400,NCGAmyworld
627208597642981376,postpaper
627208598645514241,Killjoy182x
627208615997345793,yuanliu1work
627208617230471168,pypi_updates
627208618119688192,RubyRedington
627208621680521216,HNComments
627208625640067076,mateurenato1
627208625954648065,mazacaton
627208626885758976,suarezteseo2
627208627036647424,Poijz
6.27209E+17,wilsstar007
627208638034223105,mateurenato1
627208640060002304,jp_langner
627208660465393664,TreasureData
627208667352403968,canoalonsocano
627208671248953344,liv_Rosenthal
627208688650948608,wd_topics_us
627208701263413252,_DannyBravo
627208701359865856,Toybonnie465
627208704979394560,N3XF1R3
627208712378281984,Hotilinsky
627208740241059840,tekinha_favre
627208750047326208,MattzThoughtz
627208754338099200,FALLIT0
627208754329747456,erichideki
627208757353644032,grailsOverflow
627208765272686597,NeuvooITHambur
627208791411531776,theWEBCORE
627208797803687936,MinLinks
627208798151778304,nothinglikeujb
627208799535951873,K_r_y_s_t_y_n_a
627208802711011328,BhamDonkeys
627208806351675392,VuiMedia
627208810608893952,Milicsi
627208822369742848,theclassy_nerd
627208825360281600,VuiMedia
627208836269608960,Poijz
627208836550672384,KaizoGT
627208844670840833,wbulletins
627208846700847104,wbulletins
627208855357902848,giorgiofernand5
627208860248309760,beto0303
627208861670375428,PauNoGeass
627208861758296064,mildredfoxessss
627208867215187968,FFXVl
627208879055740929,JobloreUK
627208879286415362,Jeacve__Jiukbo
627208887536521217,Pro_Era_
6.27209E+17,QueenRubz
627208902187319296,beatledad
627208915781087232,SciGamer21
627208917949489156,AshvsEvilDead
627208918834544640,poosaturno
627208930326933504,frontroyalgirl
627208930964471808,justinsanangel
627208932826738689,mne_python
627208937977303040,putyrdreams1st
627208937947983872,tyrthor115
627208948899270656,SpacialMaster
627208960731410433,Piagdu__Beutga
627208970730663936,fuckzav
627208972295086080,dan9Idan9I
627208973075267585,OhMyGowde
627208977860952066,FALLTAPIIROCA
627209001055334400,DebbiSnook1
627209002045173760,princessa_jenn
627209003026776064,evelioaja
627209006248009728,pmuellr
627209006575153156,getuliodopacio
627209014431084545,friend20013ca
627209017463545856,evelioaja
627209018105327618,ReactJSNews
627209025650827265,Florencia_g1505
627209031854235648,NeuvooITManche
627209033846517760,deaddogsmoking
627209042818113536,Quirks20
627209065282830337,ponssaturnino4
627209068927655936,fiftyfivepc
627209069552648192,scriptzteam
627209078184521732,amigataz
627209079216295936,scriptzteam
627209081598685184,scriptzteam
627209081330208768,scriptzteam
627209095544721408,lucacorti
627209102603780096,Korrasamiislife
627209116503699457,Rhi_LittleMix
627209118558896132,ChatRJr
627209121268400128,likebrookee
627209125882142720,Johnbowethejoke
627209126502907904,scikitbio
627209131225686016,LoriStoudt
627209134878916608,BEOriginal893
627209136313401344,Toybonnie465
627209138091753477,hanibalibanez
627209139920457728,legazacadmo
627209141451407360,_metalismylife
627209164096438272,Louwto__Yainya
627209165241491456,annwitbrock
627209167393148928,deborah1999_
627209176146661376,pujolkong
627209184228945920,1e4gp0QN2lBE4no
627209189631389696,Elizabeth_Dani7
627209191514578944,alexa_madi
627209207700410368,PDACMining
627209207847129088,nataliesaraahh
627209214344208384,myherojdb
627209215526969344,satur_no
627209218647531524,Deals_q47z
627209222556618753,FerchuSSayes
627209225949745152,michaeljbassett
627209227115728896,RonKronstein
627209236519493632,styledbyvo
627209238650208256,portillasaunde1
627209243003912193,DoomJX
627209247521120256,ajavespasiano
627209250121609216,kara_louise18
627209250293452800,oxifc_
627209257918853120,CarolineThr
627209259340668929,katya_ryabenko
627209261928591360,taehyobi
627209266818977796,Greysfan2015
627209266034831360,TheMiddle
627209270191345665,ajavespasiano
627209273026678784,muketrue
627209277523009537,thomsonbeththo2
627209277950668804,jobsyellow
627209281977339904,BringXenaBack
627209287140442112,noah_j0
627209288457437184,SioGallichan
627209296464314368,CJPinzon16
627209302105817088,mrjaydeeem
627209303288483840,kcasa7131
627209305339613184,juradobrad
627209315670167553,TheLittleDeino
627209316844597248,davb5
627209321407979521,tessa_smalls
627209324159483904,Haylie143
627209342912049152,rawsoncj
627209348058517508,geldshot
627209350541615104,bhdaviesuk
627209353150509056,ralesk82
627209354006134785,LucillaMiss
627209367406784512,KaliMarcum
627209370791714816,lucylawlessnet
627209375460012032,waddlesplash
627209392044273664,gitlab
627209392144941056,rubyflopz
627209393176735744,Blackmagickk
627209399199793152,gregcaporaso
627209400709738496,filemonbarbera
627209412298571776,scriptzteam
627209417524649988,_HausOfKate_
627209419609272320,sarah_galati
627209425393184768,RondaRouseyBRA
627209429067431936,hansmelo
627209429268697088,allymentacao
627209429260238850,8rend
627209439028887552,scriptzteam
627209441226698754,wolfienez
627209443609038848,thisKidCanCode
627209455265034240,wolfienez
627209463112572928,robtapert
627209466363150337,ThisIsDotun
627209467449483264,scriptzteam
627209472138682368,wolfienez
627209475938779137,AvaThemes
627209486441279488,Moowbe__Huezru
627209495010152448,ChaosInfinity89
627209499368157184,OTPissoff
627209504430534656,python_IT_jobs
627209508943572992,python_job
627209510508040192,GranthamStieber
627209511594553344,wolfienez
627209512114626560,hansmelo
627209517554511872,TalkPython
627209517651107840,GiorgioCorfu
627209520255602688,itberice
627209527633575936,_misshooligan
627209534629543936,AlmightyElias
627209547363385345,BiebsHappiness
627209550152777728,pcreux
627209550819557376,RedditJS
627209551570317312,RedditJS
627209567231807488,sergio_luevano
627209583837077505,ebolyen
627209585061793792,denmoven85
627209588060786688,CocaKola913
627209593656098816,endingproducts
627209597158326276,morenoroquemor1
627209600417316864,guillermograd4
627209618343743488,guillermograd4
627209620638052352,LilyFloJewels
627209620986138624,pypi_updates
627209621120393216,kamilita_smile
627209622076674049,hackernewsfire
627209628003270657,LabVIEWopenJS
627209635317989376,JimmyChooNews
627209635997552641,retweetjava
627209636630892544,LilyMarsWrites
627209638476447744,fogeybot
627209639692636160,xquery
627209640258969600,vazqueztulio3
627209641106219008,newsyc20
6.2721E+17,JimmyChooNews
627209652279844864,Zuewbi__Hioyhe
627209653802237952,Seiji2000Kent
627209654771273728,mabeliine
627209655668715520,WeHeartRubyRose
627209656658628608,sophcity14
627209658411917312,priedesegismun1
627209675306606592,DavidKaufer
627209677558972416,botanicalmartin
627209683040911360,ProtandimJFKcom
627209686266175488,UzmanCevapOrg
627209686245224449,GlRIBAE
627209689701421056,jonDevBot
627209716826042368,kamilita_smile
627209727408242688,Sara_Hunderson
627209730390380544,Naijaknowhow
627209737755430913,SMichaelDesigns
627209746026733568,Miss_Eu
627209749919084544,deborah1999_
627209754918567936,SMichaelDesigns
627209758228017152,rubyrpsw
627209764515262464,balbuenaagamen1
627209770706071552,laceymontella
627209790494744576,EGHamilton
627209796488404993,Klippart
627209823646412804,duffn
627209824221196288,davidnicholas73
627209825777229824,Swizec
627209828205789184,B_L_V_C_K_
627209828226740224,0dd_soul
627209828256075781,ConnorsOnInsta
627209828172173312,argenisisking
627209828214120448,BulIshitting
627209828247695360,caughtsomefeeIs
627209828277088256,basedgodson
627209828402896896,CommonCock
627209828277035008,Dopervibess
627209828369334272,blvckdp
627209828339974144,DabbQueen710
627209828230918144,chwsy
627209828348391424,Fijixox
627209828444827649,GiftedVibes
627209828474200064,iiChaseDreamz
627209828495175680,ihateiife
627209828444844032,ForLillith
627209828541329408,ConditionaIIy
627209828352552961,diozzeparis
627209828277088257,BlessMyMind
627209828528717824,Gifsandvines
627209828507762688,Iowkeysavage
627209828360974336,FashionBIog
627209828562280448,innocentexx
627209828658737157,MuItitask
627209828604190721,kushgxddess
627209828524494848,FoRelate
627209828457443328,ExoticSpace
627209828566454272,iMusicExclusive
627209828428087296,chadsgothoes
627209828650369024,LexiGotCake
627209828537106432,heartIesss
627209828411265025,drxgflix
627209828604231680,Iowkeyloser
627209828524498944,itspaulaxox
627209828667146240,LitKnockouts
627209828507717632,glrIposts
627209828667101184,I_killfuckboys
627209828532920320,imunclesleaze
627209828230938625,__trvpvibez
627209828797169665,Notebooktexts
627209828847480832,NickiMinajLyfe
627209828914601985,ReaIAubrey
627209828549660672,GreatVlbes
627209829115908096,ThotfuIVibes
627209829082398720,ThatWomanCrush
627209829573087233,ShareUrVibes
627209829543735296,wolfftribe
,
627209842235543552,Evaalexia14
627209843162492928,wboswell
627209851207352320,iMasters
627209855435186176,_HausOfKate_
627209856844451840,oberloigrupert4
627209859482669056,RichBarker3
627209866164236289,Smirkradiator
627209873546063872,perrygeo
627209877069410305,ausxip
627209880655499264,Flint_Developer
627209883188916224,josepastranajo4
627209884728070144,it_detroit
627209884992339968,Teaching_Job_US
627209886007345152,Indie_Brew
627209889111216128,taffithedragan
627209894433652737,ebolyen
627209895717138433,nin8me
627209895939436544,lik5n
627209898284052480,bamayye
627209898049318912,specialauctionW
627209899399888896,GdgGalway
627209902302216193,Odyg34
627209907234680832,UniqueTrinkets
627209911735291904,_YoungFinesse_
627209913626959872,evansabnerevans
627209935617699840,veraulfrido4
6.2721E+17,HLWHITINGHAM
627209941216985088,JewelryJamboree
627209957532921856,openruby
627209959520927744,daniel700t
627209961077112832,DesignsHannah
627209962020802561,cassandramarx
627209968664494080,CinFop
627209971118272512,enrico_vales
627209978806444032,eliosoulier
627209982727950336,JobsWashington2
627209991020249088,Choupette231
627209990529380352,ChandlerPowell3
627210007973625856,Toybonnie465
627210014692876288,things_orange
627210020149592064,jairideout
627210026655027201,hh2__
627210026873061376,TheFriendsbot
627210034838118404,brenda1st
627210042756964352,haogate
627210048708739072,haogate
627210050835066880,edroperinc
627210051971883008,SamSolatycki
6.2721E+17,Evaalexia14
627210064596738048,STYDNews
627210076583911424,_KiidAyy
627210083181662208,dvlprio
627210097341673472,EchoesOfHorror
627210104731996163,gelasiocorral
627210124021628929,pypi_updates
627210136478740480,js_digest
627210138630377472,msdean
627210143621447680,Trayc20
627210151670489088,LiamNicholas33
627210151687139328,PythonJo
627210154694414337,Recruit_Georgia
627210162059759616,bettydrapers
627210173136916480,MikePulla
627210177075376128,Transporter74
627210189293420544,quirozdenis5
627210196474036225,echoechojs
627210199250681856,bespolikhin
627210204124286976,TwiJewelry
627210207383429120,rubyroseislove
627210209241485313,eammabegum___
627210220238991360,jwkicklighter
627210233660641280,yosmark
627210242166771712,AYERON_MASTERS
627210242963677184,dayane_briito
627210244029067264,lauraslaypon
627210245308153856,lozoyap
627210250743996416,idekmoran
627210250827997184,freewomenxgrape
627210256939151360,Dokia_Offers
627210258629423104,ITJobsMA
627210262622392320,CatherineDatWiz
627210266590212098,LlKESUPERMODEL
627210277352833024,Dokia_Offers
627210287041654784,ethern8
627210295522398208,dimaaguin
627210309481168896,KimberleyJTyler
627210310999502849,scriptzteam
627210316175294464,byHoRRoR
627210331308298240,designer_bride
627210333808140288,lannystanly
627210335397781504,ThroughActions
627210346349129733,lambdagrrl
627210348886663168,auctionproduct
627210353785610240,Sith9890
627210370843832320,edmundoszns
627210371443634176,victorboissiere
627210381987966976,LavishBill_305
627210386522157056,UPANDFALL
627210388015349760,ericveneroeric
627210389130977280,gonzalezpericl1
627210391727292416,manriquetaboad1
627210394038333441,DrizZy__16
627210395611201536,quezadasenen3
627210417920569344,theresthisboii
627210422861459457,punkybuddy
627210428129673217,lannystanly
627210429408915456,_whats3rname
627210428616044544,idcwebmaster
627210434353963008,civ5_jobs
627210444059615232,SamThePrettyOne
627210463022026752,iamFRANQ
627210463219216384,sweetestdream3
627210467933446144,Marvelous_Being
627210470953320449,Mars_Bicha
627210494106030080,homeshopbuzz
627210499692843008,homeshopbuzz
627210519158632448,freewomenxgrape
627210521520029696,katie_heath1
627210526599315457,Horanadeals
627210529736491008,ruth_nicole13
627210531959496704,vazquez410
627210535088435200,jqtrde
627210541640105985,free_huug
627210554571137026,Elizabeth_Dani7
627210568475254786,Fvck_XIV
627210575693643777,davidtennant
627210586045181952,ryanc_horror
627210610758033408,Fvck_XIV
627210613303963648,guerreropiogue1
627210614113464321,Deals_201
627210616957214720,ExtravagantR
627210618572013570,Deals_201
627210623684870144,grootteef
627210627040301056,pypi_updates
627210627329605632,TheRealTaylor25
627210632752930821,Deals_201
627210650289369088,thomassnielsen
627210653820829696,Navarr
627210660343083008,waterblocknyc
627210670413451264,aileenvlweb
627210674272366592,TodoCoders
627210676734414848,oscherler
627210691796201472,rizolltizide
627210741406400512,LifeLordess
627210759920074752,TodoCoders
627210761203511296,TodoCoders
627210788235816960,davidlunch1995
627210800239874048,jdnetworkcn
627210803763089408,SkyforHStyles
627210812378234880,hugodias13
627210825019822080,LitvinskayaRada
627210828970901504,CheiraBoa
627210830342418432,CheiraBoa
627210832343011329,StackJS
627210834872287232,RuthDevlin
627210855034318848,AngularHire
627210876098097152,Guisye__Qoidti
627210877033295873,willaraaas
627210881206763521,LabVIEWopenJS
627210883446476800,auctiondeal2
627210886977970176,ocsdblotter
627210890065088512,DiegoMejiaO
627210894838222848,Imn0mad
627210900613767168,freewomenxgrape
627210909665116160,CodementorIO
627210917818675201,Java_Dev_Job
627210917881602048,onlinesolution7
627210918078849024,NeuvooITRome
627210927901941760,ITandfeel
627210928740794368,isurunix
627210934499573761,_nxthingelse
627210937896820737,a8_sk00
627210944855343104,MMorganMKay
627210946788786176,HabibDagher
627210948080717825,jonDevBot
627210948340785152,ikrachkovskiy
627210948911218688,leopoldoribera5
627210949750050816,akyhas
627210952174358529,BillyPlowman
627210958872686592,MariaViccctoria
627210960839811072,techjunkiejh
627210970377682945,SpecialBuyit
627210970432151552,GreatProductsH
627210978921283584,RecrewtCo
627210981463060480,onlinesolution7
627210994658471936,ameanmbot
627210997711794176,GoSebby
627211000786386944,kepamer
627211001402925056,paulfflotron
627211006327029760,_nxthingelse
627211006180237313,Xianse__Zielcu
627211010378575872,CloudedBezz
627211010991112192,tcarlock01
627211010982682626,linjeark
627211018679267328,auctionauction5
627211021778718720,onlinesolution7
627211024421273601,HannoEzio
627211030666608640,lifetjme
627211049633214464,playwithclass11
627211050027483137,emmafrancis98
627211053395410944,CaptainArkansas
627211054091649024,RajaAzzudin
627211055324864512,AppreneursBot
627211056553725952,pamyu4649
627211060726992896,senthilnathansk
627211062111137792,LateFines
627211064447512576,herreropio5
627211067664502784,herreropio5
627211068608278528,_AstroCoder
627211072295059456,herreropio5
627211074866151424,Kindlemojo
627211097494433792,makavellas
627211106721861633,AngularHire
627211109049757698,aweijnitz
627211110043811840,ronaldoamorais1
627211110115098624,paulfflotron
627211119757688832,Chainsaw_Master
627211124530917376,DiegoMejiaO
627211129459245056,jazzydag
627211138246184960,HausOfFerni
627211142218260480,style_victorian
627211163030392832,brogan_jaime
627211171398074374,carolynk1960
627211177068785665,realnickelass
627211185415434240,we1nuffrespects
627211194143801344,freestuffgirl66
627211205539553280,wd_topics_us
627211209541029889,wthbruh
627211210316992512,specialreviewy
627211210249912321,auctionoffer2dy
627211210895826945,Aeriodon
627211210698674176,specialdealsF
627211217845751809,geesimps
627211237001195520,FX_S5_Z_C
627211243992936448,PearlnetForever
627211248363536384,JolieBabioles
627211250364219394,CraigMi55391203
627211263517528065,dylanruga
627211269196673024,aprilmay_carter
627211270463340544,PyLadiesDub
627211271507566593,onlinesolution7
627211274405945344,shireenrao
627211274917687296,Hotilinsky
627211275462967296,theprovince
627211277425844224,whykay
627211277954359296,sarepal
627211287295094784,CodingGrace
627211296895815680,alexamorimrocha
627211298133012480,MarkLDaniels
627211299215249409,rubss__
627211303497658372,Diebuc
627211303883509760,paulfflotron
627211306140073984,SamThePrettyOne
627211312062337024,raghuknv
627211314549538816,neozeed
627211318446190592,ART_TOUT
627211322166345728,stephaniealtam
627211327237394432,Ab62Alan
627211350780022784,MarianneTp
627211351400656896,Makailajade__
627211368471621633,_nxthingelse
627211370501529600,Alondra_9212
627211372640735233,t1dog1
627211374691627008,onlinesolution7
627211380932902912,SneakPosts
627211387828326401,eloimarques
627211391510937600,airpair
627211397282271233,PaulFloss
627211407130361856,GISPyQuestions
627211426034241536,AlbadoFashion
627211435697930240,sanjioh
627211444166246403,radhikaostny
627211446904995840,igavor1
627211448259887104,marcofelici14
627211448436060160,paulfflotron
627211449157480448,OstCareers
627211452026216448,AlehAutumn
627211454672969728,NeuvooITHambur
627211455729942528,gayvause
627211478643417088,aprilludqate
627211483320057856,RUBY_KAREN
627211493340266497,PARROTVOTTI
627211521463054337,adams_catherine
627211538068336640,mikeward_aa
627211543264886784,mxlearn
627211548424040449,florentinobern6
627211556489719808,byzunepijymi
627211562231689216,xupugezelezi
627211567315095552,Denissev33
627211575900958720,McConnellLuke
627211577318600704,thisKidCanCode
627211590354518016,paulfflotron
627211591570825216,GraceMackayjx
627211610004848640,WordyOfferz
627211625024618496,NeuvooAndover
627211625242722304,SoulFoxxy
627211641759903745,seonaid_lee
627211659447279616,thomasabrahamt1
627211660789481472,FanGirl_4Life_
627211663264100352,shireenrao
627211688849227776,wd_topics_us
627211694075416576,Medusa030488
627211694939320321,artistxforever
627211704032751621,TechnologyBeef
627211704133373952,Ali_Razmjo0
627211711028797440,TechnologyBeef
627211718452756480,Ollie_pops
627211733212512256,paulfflotron
627211734391111681,maddie2571
627211742611791872,the_emmaswan1
627211747766730752,ohafia_bOi
627211754448138240,neozeed
627211769719746561,GORDONR1954
627211782407393280,TwerkForKoa
627211782768205824,nannysue_sue
627211791664349184,Wartortoise13
627211792343793664,Medusa030488
627211796122832896,iamgooby
627211802779250689,JunkerHQnet
627211804213534721,ElijahValiente
627211805497139201,sam_et_max
627211807447355393,zencrayon
627211812933619712,Toybonnie465
627211815563362305,Maiqu20
627211840968372224,larrydarkitty
627211849830805504,steelersov
627211852553043969,playwithclass11
627211855119949824,GenaGrunskoy
627211876443770881,jehuvifebec
627211877140070400,belleamie47
627211879425839104,Tyler_Newell
627211881040748546,zezapicofon
627211885696389120,larrydarkitty
627211884744282112,pypi_updates
627211886010978304,ScottyDuzzeno
627211886724034561,pypi_updates
627211887562870784,pypi_updates
627211888540131328,tynirupymil
627211900791693313,wypimujegofu
627211909528481793,sagykabymaxe
627211910090461184,rosadawenoh
627211912409956352,NoScopeJoel
627211921884745732,BrentZBradshaw
627211928641908736,mrdimeh
627211931967991808,jipizunyzys
627211932303519744,garodypepylo
627211950372466688,PearlnetForever
627211952167780353,Mcghee011
627211980680531968,rlgems
627212000582574084,luwypaqucoh
627212035672174592,NeuvooITManche
627212038339731457,VT_R4_5M
627212046921244672,rjaviervega
627212046950617088,nandyroo94_andy
627212079536189440,AndrewUjifusa
627212079620034560,StateEdWatch
627212083197804548,Aformativa
627212084896399360,iamaniesia
627212089547980801,wiwilunezyli
627212089451507712,jivykakoroza
627212099786264577,NeuvooAdmBos
627212103053639680,NewsdeskSCIENCE
627212116299251712,GessyBieber
627212130996088832,hiwahediler
627212131524603904,wajyqolydon
627212142962442240,LabVIEWopenJS
627212147664252928,kennardt
627212153272016896,givyxarefylu
627212164395352065,Toybonnie465
627212171445846016,xoxeni
627212175350853632,Eaglelegend52
627212176491589632,DamianoMe
627212179440185344,Stuff_to_sell
627212182850285568,giovanniferg
627212187870830592,nykonews
627212203054075904,IAMMRMADDWEST
627212204346093568,ReptilesNow
627212205650509824,ReptilesNow
627212206195757056,ReptilesNow
627212206778793984,ReptilesNow
627212207462436864,jonDevBot
627212208825483264,onehappyguy
627212222716993536,scottsauber
627212225506340864,Skongaurd
627212228475883520,illuminatEDllc
627212233848655873,jamesbritt
627212239590830080,tfabb_
627212243411800064,Delevingne92_
627212248176431104,paulinaglzz
627212252899373056,1975FTDEVONNE
627212263544475648,apasella
627212263838121984,jeweqaxikeku
627212264928481280,aosunder
627212273631805440,kosmachev_pavel
627212302727647232,pyxadudefac
627212309119782912,mikedeange16
627212309866409984,yukasmart
627212310054973441,BillGraveland
627212324869402624,arrobawhale_
627212334071709697,merayoceferino
627212335015456768,CorinneDefelice
627212335334100992,DicesareEva
627212344125427712,caqoqiwywib
627212352354545664,kabu1064
627212355173249025,dom_cih
627212356574035968,elaineprettyeye
627212365147279360,AngularHire
627212372214706176,CodehireJobFeed
627212375171694592,vudigokaruh
627212378766098432,dontjudgeimFat
627212379953233921,LariCurato
627212385821044736,xysuhenyfyve
627212387771379712,sam_et_max
627212391730802688,rynewufifeda
627212393806983168,murtazazaidi_
627212404544245760,Ripper71
627212405915783169,StullerInc
627212412765237248,tokvbok
627212415906803712,recahedemeb
627212421661224960,Evaalexia14
627212426023432192,ruby_redsky
627212430238617600,POLSVancouver
627212430561533952,JoomlaJob
627212434852458496,heavenlysouI
627212439621345281,niazafada
627212446462275585,36e6d7e33c3944a
627212448429408256,irinank03
627212452254625792,KahrnasKreation
627212453621952512,j3ltedev
627212479618265088,wesleylewis1979
627212480205455360,mertbulan
627212481878982660,eeyore46
627212484005502977,1975FTDEVONNE
627212490368241664,brokehorrorfan
627212493883080705,spichakovskaya_
627212497880264704,anrivdw01
627212508382760960,canoalonsocano
627212516238561280,kaoribl
627212520181338113,Crys12Santos
627212535993905152,mateycastor
627212543640084480,sam_et_max
627212544453689344,paulinaglzz
627212547775692800,wassila
627212563667918849,Larixever
627212564095569920,paulinaglzz
627212564687134720,rubyrpsw
627212567824314368,qbject
627212569279877120,srgarland
627212574468243456,davywytylup
627212584131891200,rohikexoziw
627212585075666945,MinLinks
627212590561652736,janet_freckles
627212602704269313,TheMickVet
6.27213E+17,young_hippy
627212627295404032,hajgq23z84mx
627212635289817088,telasosudut
627212635482644480,brookwatts22
627212641518395392,vytavyjanecy
627212642717966337,sam_et_max
627212658492706816,quqesirypile
627212660388560898,deadmactep74
627212672539475969,wayneseymour
627212679875178497,PhoriaSF
627212692554711041,elenand
627212692756013056,Sir_Bearington_
627212702142885888,rirovycisap
627212703749124096,Nostradamnisuck
627212708669059073,invincibleguy98
627212713802997760,whusthat
627212715862413313,tyrthor115
627212721650401284,proinsanitus
627212726876667904,ponssaturnino4
627212734455615488,JanielTBH
627212747671891968,NikoZografos
627212762045939712,wepejapytaqa
627212771676061697,wassila
627212784212815872,KallinJen
627212788730068992,jarrar_roy
627212795570974720,JATSmith
627212803368202240,jemytekyrexo
627212805821718528,MostDope_Nessa
627212811328978944,nefemymijij
627212821810532352,cebenenonek
627212830878515200,gamergirl27
627212841913860097,kahlirahn
627212843549609984,Hitokiri1
627212859936780288,indiracarazo
627212861429788672,OrangeKaleb
627212866651824128,jeffjcrtr
627212868467982336,AngularHire
627212875321487360,krainboltgreene
627212885295538176,kunkelast
627212891758923776,pypi_updates
627212902341210112,danielapogicid
627212904283009028,RevMarkAnthony
627212905574977536,fejydodunyt
627212909639245826,BrennandGill
627212929184587776,eh1liners
627212932959502336,devwebwings
627212936751267840,_peetaslove
627212937950687232,ehdailytips
627212938550603776,NeuvooTIPari
627212940186415105,ShakiraThomas13
627212941025218560,tyriorn
627212944305029120,CrapoTaylor
627212947165609984,ehfunfacts
627212951242452994,rubysbitches
627212955428323329,ehfuntweets
627212956674060288,paulinaglzz
627212962911010816,kabu1064
627212964509003776,ehweirdfacts
627212965981368320,herr_brightside
627212986906574848,freeeeex5
627212990157352960,CloudChaps
627212994343251969,monkeygirl1939
627213016019402754,CatherineRLK24
627213017541910528,juanbvago
627213027167698947,NormileGuy
627213036911218690,laqapihajizu
627213049435410432,thomassturm
627213059375931392,Starflower68
627213060319657984,bozuzukiluw
627213062924292096,qapygycoxog
627213080250949632,MischaDawson88
627213082905976836,larrydarkitty
627213085711970304,StackDevJobs
627213090405224448,JavaScriptBay
627213092519174144,JavaScriptBay
627213098751913984,rubyrosesquad
627213104909193220,kennysurvive
627213120142987264,AngularHire
627213130159013892,biostaple
627213137696194560,ClouDataNow
627213138472136704,radgayvibes
627213146403373056,Riyalove_1
627213152392990720,quratidypyf
627213153672273920,cixelakivoh
627213160534134785,CorvoSol
627213160936648704,whaeapower
627213163197526016,c0deNinja
627213167408586752,xerirulitaxe
627213171330150401,ivankidocantuu
627213187624992768,woutersmeets
627213188036198400,ruby_redsky
627213188379996161,IT_Philadelphia
627213194948419584,Prodigy100100
627213206788931585,sujann143
627213209003540480,sujann143
627213220168794113,PoliticsK12
627213221167022080,sm_salford
627213228183961601,ExploreWeb2dot0
627213229345763328,Go2WebMarketing
627213231547768832,Ttsubera0
627213237298315265,ameanmbot
627213239210930176,JackieMONeill
627213239437381633,curohyhytobe
627213240502611968,RealNativeGAME
627213243547824128,vupubokebyfu
627213245955358720,daviddincognit
627213253312180224,javascript_mofo
627213257049149441,greenrubist
627213265018466304,faverizifiv
627213269758005248,NeuvooITBristo
627213274006859776,jhpddmyterko
627213274866692096,87RUBYVDRCK
627213297872470016,vinigipijim
627213307339010048,RealRubyx
627213322400755712,LottieandLysh
627213323134701568,mykaqohesuc
627213331049390080,hackernewsfire
627213343040884737,TravelOverdose
627213345859502081,weinfelix
627213352914321408,rubyobsession
627213355380539392,SpiffyGiff
627213359499206656,the_emmaswan1
627213375571804160,MontyPatrick
627213377090228224,Rachspeed1
627213386032525313,greatauctionsa
627213386405814272,jhpddmyterko
627213390549807104,_RebelsFinest_
627213397210349568,LabVIEWopenJS
627213403447169024,python_job
627213404411817984,positivelab
627213405091405825,paulicizobar
627213406458646528,python_IT_jobs
627213411051511808,greatauctionsa
627213418546765824,simpleisrael
627213425211523072,jhpddmyterko
627213431289028608,ClouDataNow
627213430819299328,jfathrey
627213432580915200,ClouDataNow
627213432954224640,_ICT_vacature
627213433285517312,SosoChico
627213434636107776,JobloreDe
627213444677107712,SemenMortar
627213446564704256,PlXMATT
627213455326625796,joelortizjoel3
627213461920083969,twittallo
627213465128697856,jonDevBot
627213469557895168,VitrineDesigns
627213472951103488,ClouDataNow
627213474708484097,lgavrutto
627213477753454592,Melissayoub
627213477921296386,TheGoldenCoin
627213488658759680,gonewildimg_txt
627213495755513857,greatauctionsb
627213496657289216,tinamichbonner
627213497869295616,pg_topics_us
627213505242996736,droolindog
627213510708232192,4lixi
627213511358304256,sanfranescortcv
627213513283489792,mattybedds
627213519117795329,oscon
627213519486865408,Kaahiwow
627213519935655936,ivy_bovey
627213520799711233,_techstories
627213526872920064,rubyrosesquad
627213529330884609,napytunuxore
627213531977510912,tethkhan777
627213536264126464,OultonStewart
627213551074156545,rilegumoced
627213553083248640,24_7Books
627213553787867136,fobizocalawu
627213560674914305,NeuvooITCHI
627213571039096832,Griffonfulture
627213572779704320,halseyelyah
627213575854116864,Fast_Deals77
627213577087250432,reddit4devs
627213585677062144,FREEBAND300k
627213586797096964,_unique23
627213605117775873,mcshamrock
627213607487557632,annapit82
627213611535085568,scriptzteam
627213621311856640,CloudServerTips
627213624222818304,Ollie_pops
627213636696551424,wd_topics_us
627213639473303552,NeuvooITJersey
627213646746120192,jimcroce
627213647123582977,ingridcroce
627213647522103296,PatriciaGicel
627213647245258752,CrocesRest
627213651645063168,KoreanLyrcs
627213652421144577,c0deNinja
627213653721247744,BlackEyedBtch
627213656174931968,CloudServerTips
627213657596936192,ClouDataNow
627213669861097472,hubalfonsi
627213674416111616,josuepedronjos3
627213678698348544,Julibooli
627213687120625664,pihocypilux
627213692611002368,specialofferT
627213713976766464,KLazgacheva82
627213713863540738,specialdealA
627213720050122752,twinsagi
627213720314363904,scriptzteam
627213750622416896,musicmammastacy
627213750764834816,DamianoMe
627213754204209152,detoursunglass
627213756557316097,cassandrabianca
627213793416904704,4lixi
627213810332385280,kyrintrapp
627213839587770368,Rightawaywn1o
627213845724037124,wildwalkerwoman
627213855685369856,AndreWaters20
627213863277174784,preponei
627213875721707521,devnewsbot
627213881107066880,asmallteapot
627213889374040064,robtheranch
627213895585935360,ChatRJr
627213903437660160,FionaMartinxoxo
627213906310623232,Evaalexia14
627213908340830212,roxxypoxxy
627213932487397377,VoteMuck
627213933946888192,independtnews
627213934894956544,gaudericoconcha
627213938174914561,CeciliaEgan1
627213938141192192,tdfischer_
627213944743174144,Toybonnie465
627213951068057600,bri_1323
627213970143883264,MHSConsultancy
627213978754682880,pg_topics_us
627213980633800704,ronaldoamorais1
627213996484128768,toni_trivkovic
627213996479766530,comingsoonnet
627213997255884800,smokenight
627213998245683200,tryolabs
627214010421608448,GrooveStomp
627214012435038208,krcozens
627214023310753792,WAGSILMAR
627214031938551808,c255666a459a495
627214036162187264,FHawksworth
627214044097687552,theeliphipps
627214044697636864,EYESnTEETH
627214052180258816,mike77barry
627214054637998080,TheTerch
627214058236854272,JustAShadowGame
627214066491064320,mugunthkumar
627214070056402946,thibaultmilan
627214083142647808,fernandol1ns
627214089153024001,Peupeutte
627214089635393536,New_Deals822
627214114973159424,iAiishaa
627214128537542656,AliceReception
627214141082701824,milleralvinmil1
627214154080886784,Thephat_one
627214160628068352,ErnestOwen1
627214164642107392,js_digest
627214172326129664,Buy_J872
627214179091361792,BKGjewelry
627214188650340352,ronaldoamorais1
627214190646808576,MetalOllie
627214192630611968,jkwasher
627214195768061952,CristhGunners
627214195659010048,Buy_J872
627214197286432769,ameanmbot
627214202667683840,daiga_vanaga
627214209432969216,jackwaterback
627214212121673728,SamanthaBerge15
627214230119403520,DaisyBuddysMom
627214234758332416,unwiredasia
627214248578555905,ronaldoamorais1
627214251132850177,kkrymskaya
627214252462481408,netregex
627214254651871232,rubysbitches
627214256816177152,Thatpinkfreak
627214271131316224,negrasinparis
627214282938294272,RubyRoseBRA
627214284192415744,vitvarella
627214297110712320,dot_movie
627214313414004736,jofromgreylynn
627214315460780032,Kinneyb3t
627214329205641217,n1zyy
627214330648469508,MelissaCGalh
627214330916802560,timeek_howell
627214337850101760,nayvianna38
627214339276210176,TaeyaTjohnson
627214345424887808,JacksonGoodman4
627214373149372416,MartinHN
627214377796653056,MySacredBlood
627214400554991620,mfmy1
627214400945041408,krissubbu
627214401402204160,Jax6655
627214406007562240,FA1RLYL0CAL
627214416488968192,TimTebow_Fans
627214416942112768,markoxubiden
627214417516711937,vanyaveho
627214422612779008,blackendjero
627214424340856832,tyrionroars
627214425469124608,joblance_jobs
627214428505833472,specialauction
627214433585119232,rubygems
627214443777257472,tracyfalbe
627214443341086720,diazaristidesd3
627214443806494720,PearlnetForever
627214453323493376,RubberBoySeraph
627214456406306816,Simply_az
627214456767016960,Chizitarah_
627214457672966144,XenaNews
627214479458213889,DimitriVauvel
627214484713570304,KJennerTNews
627214501230845952,CineTerrorNews
627214501713055744,Torwegia
627214512740020224,LottieandLysh
627214516556705792,rlgems
627214529198358528,WoodwardKenton
627214530494402561,BeatonHandi
627214532587466753,TodoCoders
627214534097391621,TodoCoders
627214537041801216,TodoCoders
627214540703465472,LennyQuickly
627214541970120705,TodoCoders
627214549243011072,Juan768Juan
627214550862032896,OOYFIsChuck
627214575339859968,aileenvlweb
627214579064422400,lucky_type
627214587755163648,paulred70
627214588619190272,georgetoothman
627214620613320704,CristhGunners
627214628880261122,RobieTrevisan
627214631090565120,BelieberGang94
627214633984614401,QueenRubz
627214655539253252,therubymint
627214656453521408,LabVIEWopenJS
627214656860475393,FrameworksM
627214668394659840,woadie2live
627214669934018561,ITjobsinNY
627214676430991360,sergio_kio
627214679623004160,auctiondeal2
627214681095163904,Hii488MC
627214704079835136,CharlotteSunT
627214710442729473,auction_item
627214711793168385,education_us
627214716599934976,dig_newsdict
627214718067953665,ameanmbot
627214723340222468,jonDevBot
627214724560781312,dakotaw
627214734253780993,philmarzullo
627214739681202176,NeuvooBeaverto
627214744470945792,GirlTravelz
627214749990662144,findmjob
627214752067006465,hufflepuffruby
627214756559093761,EverRotating
627214757104324608,Toybonnie465
627214761516666880,adaradeleon
627214765073539074,deathmetalharry
627214774045147136,elviraguedez
627214788070764544,Python_alert
627214788968497152,krissubbu
627214790814003200,LaGeeketteMaria
627214793280241664,SelfMadeBossBoi
627214796954451968,Otto_English
627214814733955072,adaradeleon
627214823592488960,boom_POW_BYE
627214833017069568,RUBYLIBBOT
627214835592228864,cdarlene1998
627214835953082368,SmokingHotBitch
627214837374955520,unimediapr
627214840604557312,S3xy5am
627214845956517888,ElMat67
627214851765575682,adlawsn
627214865141243904,NeuvooBracknel
627214868874047488,identification3
627214873198465025,FA1RLYL0CAL
627214880714694660,HELLKNIGHT2010
627214884376346627,JamesMeadow
627214884409839616,UgoGiaquinto
627214885215150080,katharinaice23
627214886502842368,miconico
627214888008445952,findmjob
627214895323320320,mcdonadt
627214905515622404,pypi_updates
627214906610327552,pypi_updates
627214907382067200,pypi_updates
627214933587922945,findmjob
627214938277326848,Jeggers8
627214940689051648,ronaldoamorais1
627214945923432448,PHPDojo
6.27215E+17,ruby_redsky
627214968828489728,Hii488MC
627214976537772033,ziyun_li
627214978622230528,iam2kewlforyou
627214988265000960,offeryour
627214989091307520,kacie_leachman
627214989548457986,ind3ed
627214992929128448,tigrexcs
627214997530279936,GreatBossMoves
627215004849278976,JewelsByStar
627215011451043840,Barbie892
627215012403245056,roppert
627215032640671744,rubyrosesquad
627215043801821184,VancouverSun
627215048642023425,ActiveMachNC
627215051653382144,PythonRR
6.27215E+17,JavascRRipt
627215066400620544,MaryNikiX
627215078778081280,CristhGunners
627215104464015362,specialoffers31
627215118175236098,hansenschild
627215119357906944,SapphiresBot
627215124290473984,GetGlobalPromo
627215126882467840,ptsteadman
627215128354779137,scriptzteam
627215131110428673,qebylacefah
627215135216676864,rfragosodev
627215146050584577,stonenvause
627215148281827328,WeHeartRubyRose
627215149150027776,ptsteadman
627215150211174400,KristinAndrene
627215152644030464,LucasTinik
627215158612520960,pypi_updates
627215159489118208,pypi_updates
627215167181430784,MelodyHeartgirl
627215173909127168,scriptzteam
627215177864318976,scriptzteam
627215179365924864,JamesDoolin3
627215184453611520,CallMeKoa
627215184847896576,scriptzteam
627215186697433088,newswire140
627215188329136128,SzabiSzijarto
627215194410909696,senalda0py
627215196130553856,anthonyinifecic
627215198189944832,mazin_z1
627215212555407361,sukonnyy1
627215216883933185,ruby_redsky
627215220180668416,scriptzteam
627215225792659456,DrMkDPhD
6.27215E+17,scriptzteam
627215247007424512,DIANABLVCK
627215250090274817,warnholzmeliton
627215262450872320,guzmanadrian
627215265311363072,frankyabrown
627215271497990146,NeuvooITBrisba
627215274383704064,ElMat67
627215275277074432,DIANABLVCK
627215277101428737,kabu1064
627215295074185216,scriptzteam
627215294952509440,NeuvooBrossard
627215301214650374,nosovtsov2
627215309947187200,fiveerp
627215316251086848,MikeCheema
627215318981705728,fIowersgrow
627215322894991361,leonardowrc
627215324367163392,AntropenkoLada
627215333057765376,weinfelix
627215347632996352,scriptzteam
627215370265432064,lyndaward5
627215373704806400,auresscosplay
627215378998001664,Toybonnie465
627215381732659200,gerald_arthur
627215384123469824,NeuvooITPhoenix
627215386489036800,EBJ1968
627215420219629568,scriptzteam
627215438313865216,Hostxido
627215438364188672,anni_vaananen
627215440088047616,infovar09
627215439886688256,Root4HomeTeam
627215441174360064,yambe2002
627215447969136640,street77news
627215453602119680,taterwer
627215457553137668,Tito211
627215493510889473,thomasabrahamt1
627215496937668612,ElMat
627215508635561984,niallqueparil
627215511642873856,krystynheide
627215525937053696,oterorufo
627215542038974464,ArturKilldragon
627215542340984833,oterorufo
627215553250267137,newspaperplus
627215559873142784,oterorufo
6.27216E+17,ckp9953gmailcom
627215570216161280,Soteria926
627215571478671360,rgeraldporter
627215577598308352,MatthiasKomarek
627215594266488832,xena_italia
627215596816568320,getonbrd
627215607109447680,auresscosplay
627215613103091716,x_Trish
627215619566366720,azamsharp
627215642601619458,ElMat
627215659185930241,AluraOnline
627215671236120576,HermNCrab
627215675036180480,HermNCrab
627215686843109376,ojosoxidados
627215697421205504,cpascuet48
627215698255724544,soonerpig
627215706778636288,DenofGeekUS
627215709152636928,timelyportfolio
627215735799054336,ODonnellAM
627215736839249920,oi_PoxaLaila
627215736839258112,lizamaraimondo
627215748641886208,newspaperplus
627215751221526528,homeshopbuzz
627215756418224129,scriptzteam
627215758293135360,vuejs
627215760910327808,KKPIOS
627215764412583936,scriptzteam
627215763607154688,Intenzekg
627215768934043648,scriptzteam
627215771933016064,developerlondon
627215773887524865,scriptzteam
627215778501275649,KKPIOS
627215791860023296,greenrubist
627215792854159360,auresscosplay
627215796960260096,Atlanta_hiring
627215798214524929,rjaviervega
627215799711891456,Florencia_g1505
627215799728664576,rjaviervega
627215799967596544,artwisanggeni
627215802781962240,artwisanggeni
627215807865561088,JenDurell
627215810486874112,artwisanggeni
627215813557116928,artwisanggeni
6.27216E+17,Berenice_Fusco
627215816426045441,artwisanggeni
627215819273957376,artwisanggeni
627215829898235904,kayleighmay77
627215869052108800,julienguittard
627215868930486272,unbalancedparen
627215872696782849,weird0s__onlyy
627215884491227136,EvilDeadNews
627215903067914240,ModernShoppingZ
627215904993091584,ModernShoppingY
6.27216E+17,ModernShoppingZ
627215914631569408,LabVIEWopenJS
627215920763699200,ModernShoppingY
627215922164559872,RubyHillGC
627215922487386112,violadolayinka
627215926010580992,TopTrendWatch3
627215943328923652,carolemarshall
627215971950960640,VanessaLeBeau2
627215979840274432,mimcmullen
627215979785748480,lobsters
627215981895643136,jonDevBot
627215984991043584,RajiWorld
627215987255955456,_karencastro0
627216007560601600,scriptzteam
627216007992619008,btslescouilles
627216011461132288,Author_DFJones
627216064028540928,NeuvooITBerlin
627216065542623232,fliss59
627216065831940096,cacahuatitou
627216099080318976,maddifosterr
627216099566854144,nbbgoncalves
627216126083096576,MrChrisMoo
627216126980792321,codicenuragico
627216131795763200,MrChrisMoo
627216137940418560,kaylagoodfellow
627216140788326400,brad_the_boy
627216150884036609,ClouDataNow
627216161042644992,ClouDataNow
627216166218543104,NeuvooNorwich
627216175458430977,YerarlWey
627216185373757440,ITjobsinNY
627216185914855424,ormeaugc
627216196543348737,AlanZucconi
627216199844282368,fallonfofallon
627216209738469376,HorrorByProxy
627216214339751936,eyadsibai
627216219100303361,Yasmin_Adler
627216224041181184,KKPIOS
627216234724073473,canoalonsocano
627216237353897984,IAM_GREATNESS
627216242391318528,iAdam44
627216244165357568,gregwatkins81
627216244949786624,BurntMan2010
627216244689735680,_romualdr
627216262201016320,LinkSheridan
627216272162443265,shotadoVEVO
627216281146687489,RaynorUAProd
627216284393058304,BrendenGibbons
627216292341252096,RautaAlin
627216303632351233,eleonorade1998
627216320472354818,sdtest01
627216323307831296,OrendaPeterson
627216338499567616,maintishe
627216344975589377,dabelitsky
627216362444713984,alygott
627216362876837888,cover323
627216392186634241,AngularHire
627216404845096960,foreverfm
627216415049797632,pypi_updates
627216416274546688,pypi_updates
627216417490923520,EdaFrancisth
627216420112171009,OmegaGreninja
627216432045010944,ShinyDiane
627216433391513600,MattiaMarchiani
627216433785753600,BenBrocka
627216435983609856,thewhippasnappa
627216440903487488,rmotr_com
627216456145616896,thrillyb
627216457626095616,brad_the_boy
627216472973119489,thefishsmute
627216477150707713,fcklerss
627216482951262208,terriermanUSA
627216491054780416,HipZOMJoint
627216493198069760,tyrthor115
627216514727415808,buro19
627216525691363329,techclerk
627216527557849090,ML06gold
627216527188754437,tokvbok
627216547107479553,Swag_0400
627216547778572288,tamararazik_
627216565721792512,_RobbeR_
627216568024436736,goldx098
627216589360762880,kabu1064
627216595362967552,denofgeek
627216605580296192,ZisserZappy
627216609992687616,_gabranches
627216609891880960,BeastlyGrowls
627216613285171201,MaryNikiX
627216622588194816,rebeldel88
627216628447490048,brad_the_boy
627216635586289664,OITNBrazil
627216635422732288,buteraselectra
627216643786153988,AngularHire
627216645476478976,Deadpoolouist
627216651482734592,scriptzteam
627216651780550656,scriptzteam
627216657618833408,oxx_liz
627216667521630209,brad_the_boy
627216667853107200,ModernOwners
627216675658575874,Haeuni_bot
627216690577821697,scriptzteam
627216695413731328,brad_the_boy
627216697813016578,scriptzteam
627216703726977024,juradobrad
627216726229450752,beaucouplus
627216746777341952,scriptzteam
627216750824718336,HarcnLou
627216755228848128,iluvyoulwuis
627216768860336128,cassandramarx
627216774493302784,SoulFoxxy
627216774707159041,david_romanski
627216779564199936,scriptzteam
627216785037725697,MovieHat
627216788095266816,JohnCodemy
627216789974462464,NeuvooITRome
627216793677926400,flagrantcalum
627216801680592896,iisvan
627216803211649024,SURINOMO
627216811067604992,RalstonDylan1
627216811784843264,LauraDeMarcoCle
627216816549593089,ButlerBeck
627216818923421697,YoubidderComMe
627216824925585408,scriptzteam
627216830147395584,JMatthiesen
627216834484379648,scriptzteam
627216868630265856,TheNightKeep
627216878965006336,Mister_Gnome
627216915509981185,pypi_updates
627216919695896576,lovatodaperry
627216920362749952,rubygems
627216926750736384,GuitarsBuyer
627216927455354880,NecklacesFash
627216929246310400,GuitarsBuyer
627216930034716672,Java_Job_USA
627216933251870720,IG1978
627216942223486980,gimolinaari
627216945486508032,shanks9999
627216948326076416,Javascript_Q
627216952398753792,ITSantaBarbara
627216952721842177,PastimesInc
627216957889224704,Chef_Cookin
627216961026457600,brad_the_boy
627216961617854464,California_hire
627216975228305408,brad_the_boy
627216987350040576,campervantures
627216993154764800,elfsternberg
627216994677444610,_eduardaalvees
627217007369396224,CycloneMob
627217041259405312,MarxBlue
627217052676263936,emicormier
627217060800647169,Gisleburt
627217085089902593,naumenko_nata
627217099681853441,OhVulpix
627217103716777984,bizzleflatline
627217110729535488,iisvan
627217116538793984,ComperN8
627217133324402688,FloraMoura_
627217134209380352,EvitAlboranista
627217142807539712,FilmPrecinct
627217144472715264,jaxassss
627217145957519360,gnineercs
627217145861140480,NeuvooITAtl
627217148813819904,ACC_AhmedAmer
627217151993077760,Muhamedwason
627217153587040256,FilmNews_INT
627217153691795456,Nowiwatchmovies
627217155159924736,LittleFreakyBB
627217155348496384,ActorsRedCarpet
627217157441589248,Iikeaspears
627217168032231424,Anne_Speirani
627217168636227584,GuitarsBuyer
627217170351693824,GuitarsBuyer
627217172717301760,gurdotan
627217175418417152,LabVIEWopenJS
627217181588086784,Cris_megalomano
627217182066216960,noemihurn
627217192552144897,CodingBerlin
627217203927097344,langers81
627217211036450816,GuitarsBuyer
627217215226515458,GuitarsBuyer
627217215587090432,jayleecooper
627217216426147840,ModernShoppingY
627217225334689792,danielzm
627217225871548420,collecttheashes